instance,total_tokens_title,total_tokens_content,total_words_title,total_words_content,total_filtered_words_title,total_filtered_words_content,count_exclamations_title,proportion_exclamations_title,count_exclamations_content,proportion_exclamations_content,count_question_title,proportion_question_title,count_question_content,proportion_question_content,count_allcaps_title,proportion_allcaps_title,count_allcaps_content,proportion_allcaps_content,count_contractions_title,proportion_contractions_title,count_contractions_content,proportion_contractions_content,count_words_in_title_in_content,proportion_words_in_title_in_content,sentiment_title
1,20,789,18,719,15,428,0,0.0,0,0.0,0,0.0,0,0.0,0,0.0,25,0.03477051460361613,0,0.0,2,0.002797202797202797,37,0.08644859813084112,0.0
2,8,80,8,71,7,42,0,0.0,0,0.0,0,0.0,0,0.0,0,0.0,1,0.014084507042253521,0,0.0,0,0.0,1,0.023809523809523808,0.0
3,10,805,10,713,8,427,0,0.0,0,0.0,0,0.0,1,0.0012422360248447205,1,0.1,22,0.030855539971949508,0,0.0,8,0.011510791366906475,44,0.10304449648711944,-0.3888888888888889
4,11,2122,11,1891,10,1242,0,0.0,0,0.0,0,0.0,3,0.001413760603204524,0,0.0,7,0.0037017451084082496,0,0.0,0,0.0,76,0.061191626409017714,-0.13333333333333333
5,6,1123,6,986,4,578,0,0.0,0,0.0,0,0.0,4,0.003561887800534283,0,0.0,5,0.005070993914807302,0,0.0,2,0.0020512820512820513,21,0.03633217993079585,0.4
6,12,796,12,714,12,426,0,0.0,0,0.0,0,0.0,1,0.001256281407035176,0,0.0,10,0.014005602240896359,0,0.0,0,0.0,21,0.04929577464788732,0.013888888888888886
7,13,1150,10,1026,10,661,0,0.0,1,0.0008695652173913044,0,0.0,4,0.0034782608695652175,1,0.1,20,0.01949317738791423,0,0.0,6,0.00597609561752988,45,0.0680786686838124,0.5
8,11,137,11,129,8,79,0,0.0,0,0.0,0,0.0,0,0.0,0,0.0,2,0.015503875968992248,0,0.0,0,0.0,3,0.0379746835443038,0.3333333333333333
9,13,61,12,53,9,36,0,0.0,0,0.0,0,0.0,0,0.0,0,0.0,0,0.0,0,0.0,0,0.0,1,0.027777777777777776,0.0
10,15,807,14,709,12,465,0,0.0,0,0.0,0,0.0,0,0.0,1,0.07142857142857142,16,0.022566995768688293,0,0.0,6,0.008583690987124463,47,0.1010752688172043,0.0
11,11,421,10,379,10,232,0,0.0,0,0.0,0,0.0,0,0.0,0,0.0,3,0.0079155672823219,0,0.0,0,0.0,20,0.08620689655172414,-0.17500000000000002
12,13,411,12,377,11,218,0,0.0,0,0.0,0,0.0,0,0.0,1,0.08333333333333333,6,0.015915119363395226,0,0.0,0,0.0,19,0.0871559633027523,-0.1159090909090909
13,13,1393,12,1218,9,699,0,0.0,4,0.002871500358937545,0,0.0,4,0.002871500358937545,0,0.0,15,0.012315270935960592,0,0.0,26,0.022108843537414966,6,0.008583690987124463,0.0
14,24,894,23,802,17,490,0,0.0,0,0.0,0,0.0,0,0.0,1,0.043478260869565216,26,0.032418952618453865,0,0.0,15,0.0195822454308094,40,0.08163265306122448,0.05000000000000002
15,10,640,10,553,7,361,0,0.0,0,0.0,0,0.0,1,0.0015625,0,0.0,4,0.007233273056057866,0,0.0,2,0.003683241252302026,20,0.055401662049861494,0.0
16,6,56,6,52,5,37,0,0.0,0,0.0,0,0.0,0,0.0,0,0.0,1,0.019230769230769232,0,0.0,0,0.0,2,0.05405405405405406,0.0
17,15,813,14,728,11,447,0,0.0,0,0.0,0,0.0,0,0.0,1,0.07142857142857142,16,0.02197802197802198,0,0.0,0,0.0,45,0.10067114093959731,-0.08333333333333334
18,9,917,9,862,8,494,0,0.0,0,0.0,0,0.0,2,0.0021810250817884407,0,0.0,23,0.02668213457076566,0,0.0,0,0.0,21,0.04251012145748988,0.0
19,17,386,17,347,12,208,0,0.0,1,0.0025906735751295338,0,0.0,0,0.0,2,0.11764705882352941,13,0.037463976945244955,0,0.0,0,0.0,26,0.125,0.0
20,28,323,26,289,16,174,1,0.03571428571428571,0,0.0,0,0.0,1,0.0030959752321981426,0,0.0,3,0.010380622837370242,2,0.08333333333333333,1,0.0035087719298245615,30,0.1724137931034483,0.29444444444444445
21,7,1395,7,1222,6,756,0,0.0,0,0.0,0,0.0,2,0.0014336917562724014,0,0.0,20,0.016366612111292964,0,0.0,13,0.01086048454469507,12,0.015873015873015872,-0.875
22,10,292,10,273,9,166,0,0.0,0,0.0,0,0.0,0,0.0,0,0.0,9,0.03296703296703297,0,0.0,0,0.0,6,0.03614457831325301,0.35
23,11,193,11,156,11,92,0,0.0,0,0.0,0,0.0,1,0.0051813471502590676,0,0.0,4,0.02564102564102564,0,0.0,1,0.006578947368421052,5,0.05434782608695652,-0.26666666666666666
24,18,1202,16,1063,12,609,0,0.0,1,0.0008319467554076539,0,0.0,5,0.004159733777038269,0,0.0,6,0.005644402634054563,0,0.0,7,0.0065420560747663555,42,0.06896551724137931,0.0
25,10,98,10,90,9,59,0,0.0,0,0.0,0,0.0,0,0.0,0,0.0,2,0.022222222222222223,0,0.0,0,0.0,4,0.06779661016949153,0.13636363636363635
26,10,96,7,77,7,58,0,0.0,0,0.0,0,0.0,0,0.0,0,0.0,2,0.025974025974025976,0,0.0,1,0.013333333333333334,11,0.1896551724137931,-0.6999999999999998
27,5,753,5,639,4,355,0,0.0,0,0.0,0,0.0,0,0.0,0,0.0,3,0.004694835680751174,0,0.0,1,0.0015698587127158557,10,0.028169014084507043,0.0
28,11,1009,11,942,8,563,0,0.0,0,0.0,0,0.0,0,0.0,0,0.0,13,0.013800424628450107,0,0.0,0,0.0,21,0.037300177619893425,0.0
29,14,271,14,242,14,155,0,0.0,0,0.0,0,0.0,0,0.0,1,0.07142857142857142,2,0.008264462809917356,0,0.0,0,0.0,1,0.0064516129032258064,0.09999999999999998
30,11,1459,10,1306,9,845,0,0.0,0,0.0,0,0.0,1,0.0006854009595613434,0,0.0,8,0.006125574272588055,0,0.0,0,0.0,26,0.03076923076923077,-0.4333333333333333
31,7,579,7,534,6,350,0,0.0,0,0.0,0,0.0,0,0.0,0,0.0,6,0.011235955056179775,0,0.0,0,0.0,50,0.14285714285714285,-0.4
32,11,111,11,96,11,61,0,0.0,0,0.0,0,0.0,3,0.02702702702702703,0,0.0,0,0.0,0,0.0,0,0.0,1,0.01639344262295082,0.225
33,12,18,12,16,11,10,0,0.0,0,0.0,0,0.0,0,0.0,0,0.0,0,0.0,0,0.0,0,0.0,0,0.0,1.0
34,9,418,8,357,7,218,0,0.0,0,0.0,0,0.0,0,0.0,0,0.0,3,0.008403361344537815,0,0.0,0,0.0,2,0.009174311926605505,0.0
35,16,644,14,560,11,322,0,0.0,0,0.0,0,0.0,0,0.0,0,0.0,8,0.014285714285714285,0,0.0,4,0.00718132854578097,6,0.018633540372670808,0.0
36,12,602,8,549,7,328,0,0.0,0,0.0,1,0.08333333333333333,0,0.0,0,0.0,4,0.007285974499089253,0,0.0,1,0.0018315018315018315,21,0.06402439024390244,0.0
37,11,1500,11,1370,6,718,0,0.0,0,0.0,0,0.0,0,0.0,0,0.0,16,0.01167883211678832,0,0.0,5,0.0036603221083455345,30,0.04178272980501393,0.0
38,12,1919,12,1710,9,1067,0,0.0,1,0.0005211047420531526,0,0.0,3,0.001563314226159458,0,0.0,23,0.013450292397660818,1,0.09090909090909091,5,0.003048780487804878,36,0.033739456419868794,0.25
39,12,0,10,0,7,0,0,0.0,0,0,0,0.0,0,0,1,0.1,0,0,0,0.0,0,0,0,0,0.0
40,11,0,9,0,6,0,0,0.0,0,0,0,0.0,0,0,0,0.0,0,0,0,0.0,0,0,0,0,0.0
41,14,621,11,548,8,337,0,0.0,0,0.0,0,0.0,1,0.001610305958132045,0,0.0,4,0.0072992700729927005,0,0.0,0,0.0,29,0.08605341246290801,0.0
42,8,54,8,45,8,32,0,0.0,0,0.0,0,0.0,0,0.0,0,0.0,0,0.0,0,0.0,0,0.0,1,0.03125,0.45
43,10,601,9,538,7,327,0,0.0,0,0.0,0,0.0,0,0.0,1,0.1111111111111111,8,0.01486988847583643,0,0.0,1,0.001869158878504673,17,0.05198776758409786,0.0
44,20,262,19,244,14,145,0,0.0,0,0.0,0,0.0,2,0.007633587786259542,0,0.0,1,0.004098360655737705,0,0.0,0,0.0,17,0.11724137931034483,0.0
45,11,1401,11,1276,6,704,0,0.0,0,0.0,0,0.0,2,0.0014275517487508922,0,0.0,16,0.012539184952978056,0,0.0,0,0.0,15,0.02130681818181818,0.0
46,1,0,1,0,1,0,0,0.0,0,0,0,0.0,0,0,0,0.0,0,0,0,0.0,0,0,0,0,0.0
47,10,795,10,690,7,438,0,0.0,2,0.0025157232704402514,0,0.0,4,0.005031446540880503,0,0.0,7,0.010144927536231883,0,0.0,0,0.0,36,0.0821917808219178,0.0
48,11,204,9,187,6,112,0,0.0,0,0.0,1,0.09090909090909091,0,0.0,0,0.0,6,0.03208556149732621,0,0.0,0,0.0,8,0.07142857142857142,0.1
49,13,569,13,482,11,302,0,0.0,1,0.0017574692442882249,0,0.0,2,0.0035149384885764497,0,0.0,22,0.04564315352697095,0,0.0,2,0.004228329809725159,29,0.09602649006622517,-0.1
50,17,610,16,532,13,330,0,0.0,1,0.001639344262295082,0,0.0,0,0.0,0,0.0,19,0.03571428571428571,0,0.0,4,0.007677543186180422,13,0.03939393939393939,0.3
51,4,8,3,7,3,5,0,0.0,0,0.0,0,0.0,0,0.0,0,0.0,0,0.0,0,0.0,0,0.0,0,0.0,0.0
52,10,625,10,561,8,347,0,0.0,0,0.0,0,0.0,0,0.0,0,0.0,4,0.0071301247771836,0,0.0,1,0.00186219739292365,19,0.05475504322766571,0.0
53,324,267,307,247,220,139,1,0.0030864197530864196,0,0.0,0,0.0,0,0.0,11,0.035830618892508145,6,0.024291497975708502,0,0.0,0,0.0,13,0.09352517985611511,0.07562229437229437
54,16,643,15,575,10,384,0,0.0,0,0.0,0,0.0,0,0.0,1,0.06666666666666667,14,0.02434782608695652,0,0.0,0,0.0,20,0.052083333333333336,0.0
55,10,1193,9,1106,8,696,0,0.0,0,0.0,0,0.0,0,0.0,2,0.2222222222222222,10,0.009041591320072333,0,0.0,0,0.0,1,0.0014367816091954023,0.26666666666666666
56,13,546,13,486,9,297,0,0.0,2,0.003663003663003663,0,0.0,1,0.0018315018315018315,0,0.0,14,0.02880658436213992,0,0.0,0,0.0,11,0.037037037037037035,0.0
57,7,122,7,109,6,73,0,0.0,0,0.0,0,0.0,0,0.0,1,0.14285714285714285,3,0.027522935779816515,0,0.0,0,0.0,8,0.1095890410958904,0.13636363636363635
58,16,667,14,612,12,409,0,0.0,1,0.0014992503748125937,0,0.0,4,0.005997001499250375,0,0.0,4,0.006535947712418301,0,0.0,0,0.0,8,0.019559902200488997,0.025
59,11,733,10,667,8,407,0,0.0,0,0.0,0,0.0,0,0.0,0,0.0,2,0.0029985007496251873,0,0.0,0,0.0,4,0.009828009828009828,0.0
60,319,318,303,280,216,162,1,0.003134796238244514,0,0.0,0,0.0,0,0.0,9,0.0297029702970297,0,0.0,0,0.0,4,0.014814814814814815,25,0.15432098765432098,0.11058080808080809
61,13,520,11,447,9,288,0,0.0,0,0.0,0,0.0,0,0.0,0,0.0,9,0.020134228187919462,0,0.0,2,0.004694835680751174,13,0.04513888888888889,-0.225
62,25,410,22,351,17,227,0,0.0,0,0.0,1,0.04,0,0.0,0,0.0,4,0.011396011396011397,0,0.0,1,0.0028653295128939827,27,0.11894273127753303,0.0
63,7,256,7,227,6,158,0,0.0,0,0.0,0,0.0,1,0.00390625,0,0.0,10,0.04405286343612335,0,0.0,1,0.0045045045045045045,26,0.16455696202531644,0.0
64,8,809,7,732,7,461,0,0.0,0,0.0,0,0.0,0,0.0,0,0.0,19,0.025956284153005466,0,0.0,0,0.0,22,0.04772234273318872,0.0
65,9,47,9,44,8,28,0,0.0,0,0.0,0,0.0,0,0.0,0,0.0,1,0.022727272727272728,0,0.0,0,0.0,2,0.07142857142857142,0.0
66,8,494,8,437,8,252,0,0.0,2,0.004048582995951417,0,0.0,4,0.008097165991902834,0,0.0,5,0.011441647597254004,0,0.0,0,0.0,4,0.015873015873015872,0.0
67,10,501,10,459,6,288,0,0.0,0,0.0,0,0.0,0,0.0,0,0.0,4,0.008714596949891068,0,0.0,0,0.0,10,0.034722222222222224,-0.1
68,12,347,11,304,9,207,0,0.0,0,0.0,0,0.0,0,0.0,1,0.09090909090909091,6,0.019736842105263157,0,0.0,0,0.0,8,0.03864734299516908,0.0
69,14,318,12,270,11,177,0,0.0,1,0.0031446540880503146,1,0.07142857142857142,2,0.006289308176100629,0,0.0,2,0.007407407407407408,0,0.0,1,0.003745318352059925,5,0.02824858757062147,0.0
70,12,1252,9,1099,9,658,0,0.0,0,0.0,0,0.0,4,0.003194888178913738,0,0.0,25,0.022747952684258416,0,0.0,3,0.002973240832507433,7,0.010638297872340425,-0.16666666666666666
71,10,500,10,439,8,271,0,0.0,1,0.002,0,0.0,0,0.0,0,0.0,8,0.018223234624145785,0,0.0,1,0.0022935779816513763,14,0.05166051660516605,0.0
72,10,785,10,720,9,414,0,0.0,0,0.0,0,0.0,0,0.0,2,0.2,42,0.058333333333333334,0,0.0,0,0.0,42,0.10144927536231885,0.0
73,13,188,11,152,9,114,0,0.0,0,0.0,0,0.0,0,0.0,0,0.0,10,0.06578947368421052,0,0.0,3,0.020689655172413793,6,0.05263157894736842,1.0
74,13,200,12,164,10,117,0,0.0,1,0.005,0,0.0,3,0.015,0,0.0,3,0.018292682926829267,0,0.0,2,0.0125,9,0.07692307692307693,0.0
75,8,84,8,75,8,45,0,0.0,0,0.0,0,0.0,0,0.0,0,0.0,0,0.0,0,0.0,2,0.02666666666666667,1,0.022222222222222223,0.2
76,21,269,19,246,12,156,0,0.0,0,0.0,0,0.0,0,0.0,1,0.05263157894736842,2,0.008130081300813009,0,0.0,0,0.0,12,0.07692307692307693,0.3
77,10,379,10,337,9,207,0,0.0,0,0.0,0,0.0,1,0.002638522427440633,0,0.0,1,0.002967359050445104,0,0.0,0,0.0,0,0.0,0.13636363636363635
78,334,909,316,790,229,455,1,0.0029940119760479044,0,0.0,0,0.0,0,0.0,10,0.03164556962025317,14,0.017721518987341773,0,0.0,8,0.010416666666666666,88,0.1934065934065934,0.1339786756453423
79,319,182,303,164,216,106,1,0.003134796238244514,0,0.0,0,0.0,0,0.0,9,0.0297029702970297,3,0.018292682926829267,0,0.0,0,0.0,10,0.09433962264150944,0.14297785547785546
80,8,849,8,759,7,498,0,0.0,0,0.0,0,0.0,0,0.0,0,0.0,5,0.006587615283267457,0,0.0,0,0.0,5,0.010040160642570281,0.2
81,4,1680,4,1524,3,919,0,0.0,0,0.0,0,0.0,4,0.002380952380952381,0,0.0,9,0.005905511811023622,0,0.0,0,0.0,0,0.0,0.0
82,6,0,5,0,5,0,0,0.0,0,0,0,0.0,0,0,1,0.2,0,0,0,0.0,0,0,0,0,0.0
83,10,0,10,0,6,0,0,0.0,0,0,0,0.0,0,0,0,0.0,0,0,0,0.0,0,0,0,0,0.5
84,10,645,9,576,8,367,0,0.0,0,0.0,0,0.0,0,0.0,0,0.0,17,0.029513888888888888,0,0.0,0,0.0,21,0.05722070844686648,0.0
85,4,3167,4,2825,3,1688,0,0.0,0,0.0,0,0.0,1,0.00031575623618566466,0,0.0,49,0.017345132743362832,0,0.0,0,0.0,26,0.015402843601895734,0.0
86,12,116,11,98,9,66,0,0.0,0,0.0,0,0.0,0,0.0,0,0.0,1,0.01020408163265306,0,0.0,0,0.0,6,0.09090909090909091,0.1
87,12,239,12,212,11,137,0,0.0,0,0.0,0,0.0,0,0.0,0,0.0,4,0.018867924528301886,0,0.0,4,0.019417475728155338,14,0.10218978102189781,0.3
88,292,638,280,565,215,335,1,0.003424657534246575,0,0.0,0,0.0,0,0.0,8,0.02857142857142857,4,0.007079646017699115,0,0.0,0,0.0,16,0.04776119402985075,0.07903030303030302
89,9,492,9,449,7,296,0,0.0,0,0.0,0,0.0,0,0.0,0,0.0,1,0.0022271714922048997,0,0.0,0,0.0,21,0.07094594594594594,0.0
90,23,391,21,337,16,207,0,0.0,0,0.0,1,0.043478260869565216,3,0.0076726342710997444,2,0.09523809523809523,8,0.02373887240356083,0,0.0,2,0.006024096385542169,17,0.0821256038647343,-0.09999999999999999
91,10,615,9,542,9,321,0,0.0,0,0.0,0,0.0,0,0.0,0,0.0,3,0.005535055350553505,0,0.0,5,0.009363295880149813,5,0.01557632398753894,0.0
92,8,735,8,645,6,393,0,0.0,0,0.0,0,0.0,0,0.0,0,0.0,10,0.015503875968992248,0,0.0,8,0.012598425196850394,8,0.020356234096692113,0.0
93,9,643,8,576,6,367,0,0.0,0,0.0,0,0.0,0,0.0,1,0.125,14,0.024305555555555556,0,0.0,0,0.0,28,0.07629427792915532,-0.08333333333333333
94,14,2389,11,2129,11,1301,0,0.0,0,0.0,0,0.0,1,0.0004185851820845542,0,0.0,39,0.018318459370596524,0,0.0,5,0.002477700693756194,6,0.004611837048424289,0.0
95,9,0,8,0,6,0,0,0.0,0,0,1,0.1111111111111111,0,0,0,0.0,0,0,0,0.0,0,0,0,0,0.0
96,19,152,18,139,13,82,0,0.0,0,0.0,1,0.05263157894736842,0,0.0,0,0.0,2,0.014388489208633094,0,0.0,0,0.0,11,0.13414634146341464,0.0
97,8,0,6,0,6,0,0,0.0,0,0,0,0.0,0,0,0,0.0,0,0,0,0.0,0,0,0,0,0.0
98,22,222,20,203,15,123,1,0.045454545454545456,0,0.0,0,0.0,0,0.0,0,0.0,0,0.0,0,0.0,0,0.0,17,0.13821138211382114,0.0
99,8,1344,8,1208,7,763,0,0.0,0,0.0,0,0.0,0,0.0,0,0.0,21,0.0173841059602649,0,0.0,4,0.0033472803347280333,49,0.06422018348623854,0.13636363636363635
100,13,940,12,885,9,515,0,0.0,0,0.0,0,0.0,0,0.0,1,0.08333333333333333,17,0.0192090395480226,0,0.0,0,0.0,37,0.07184466019417475,0.0
101,19,0,15,0,11,0,0,0.0,0,0,0,0.0,0,0,0,0.0,0,0,0,0.0,0,0,0,0,0.1
102,12,34,10,31,10,19,0,0.0,0,0.0,0,0.0,0,0.0,1,0.1,2,0.06451612903225806,0,0.0,0,0.0,2,0.10526315789473684,0.0
103,1,23,1,18,1,12,0,0.0,0,0.0,0,0.0,0,0.0,0,0.0,0,0.0,0,0.0,0,0.0,1,0.08333333333333333,0.0
104,14,619,12,546,12,331,0,0.0,0,0.0,0,0.0,0,0.0,0,0.0,3,0.005494505494505495,0,0.0,3,0.005597014925373134,12,0.03625377643504532,0.0
105,7,387,7,340,7,211,0,0.0,0,0.0,0,0.0,0,0.0,1,0.14285714285714285,2,0.0058823529411764705,0,0.0,0,0.0,0,0.0,0.0
106,10,438,9,372,9,241,0,0.0,1,0.00228310502283105,0,0.0,3,0.00684931506849315,0,0.0,13,0.03494623655913978,0,0.0,1,0.0027247956403269754,18,0.07468879668049792,-0.2
107,4,8,3,7,3,5,0,0.0,0,0.0,0,0.0,0,0.0,0,0.0,0,0.0,0,0.0,0,0.0,0,0.0,0.0
108,23,515,20,444,15,285,0,0.0,3,0.005825242718446602,0,0.0,0,0.0,1,0.05,13,0.02927927927927928,0,0.0,9,0.02088167053364269,25,0.08771929824561403,0.325
109,10,920,10,859,8,513,0,0.0,0,0.0,0,0.0,0,0.0,1,0.1,29,0.033760186263096625,0,0.0,0,0.0,35,0.0682261208576998,0.0
110,10,193,9,164,8,119,0,0.0,1,0.0051813471502590676,0,0.0,0,0.0,1,0.1111111111111111,4,0.024390243902439025,0,0.0,0,0.0,16,0.13445378151260504,0.13636363636363635
111,14,2079,13,1885,10,1147,0,0.0,2,0.000962000962000962,0,0.0,7,0.003367003367003367,0,0.0,35,0.01856763925729443,0,0.0,0,0.0,39,0.03400174367916303,0.15
112,16,570,15,496,14,293,0,0.0,0,0.0,0,0.0,0,0.0,1,0.06666666666666667,2,0.004032258064516129,0,0.0,1,0.002028397565922921,6,0.020477815699658702,0.0
113,11,688,11,618,9,341,0,0.0,0,0.0,0,0.0,4,0.005813953488372093,0,0.0,4,0.006472491909385114,0,0.0,0,0.0,12,0.03519061583577713,0.13636363636363635
114,15,107,15,97,12,58,0,0.0,0,0.0,0,0.0,0,0.0,0,0.0,0,0.0,0,0.0,0,0.0,6,0.10344827586206896,0.0
115,7,1157,6,1022,4,646,0,0.0,0,0.0,0,0.0,6,0.005185825410544511,0,0.0,11,0.010763209393346379,0,0.0,7,0.0068694798822374874,1,0.0015479876160990713,0.0
116,12,592,12,544,7,342,0,0.0,0,0.0,0,0.0,0,0.0,0,0.0,2,0.003676470588235294,0,0.0,0,0.0,17,0.049707602339181284,0.0
117,12,1003,12,886,9,549,0,0.0,1,0.0009970089730807576,0,0.0,1,0.0009970089730807576,0,0.0,16,0.01805869074492099,0,0.0,0,0.0,1,0.0018214936247723133,-0.2777777777777778
118,12,2842,12,2575,11,1584,0,0.0,1,0.0003518648838845883,0,0.0,6,0.00211118930330753,0,0.0,53,0.02058252427184466,0,0.0,3,0.001219016659894352,93,0.058712121212121215,-0.05
119,13,180,12,159,9,104,0,0.0,0,0.0,0,0.0,0,0.0,0,0.0,0,0.0,0,0.0,1,0.006369426751592357,11,0.10576923076923077,0.6000000000000001
120,16,559,16,490,8,319,0,0.0,0,0.0,0,0.0,0,0.0,0,0.0,2,0.004081632653061225,0,0.0,4,0.008264462809917356,21,0.06583072100313479,0.21103896103896103
121,10,187,10,171,7,111,0,0.0,0,0.0,0,0.0,0,0.0,1,0.1,6,0.03508771929824561,0,0.0,0,0.0,9,0.08108108108108109,0.0
122,4,8,3,7,3,5,0,0.0,0,0.0,0,0.0,0,0.0,0,0.0,0,0.0,0,0.0,0,0.0,0,0.0,0.0
123,9,102,8,92,8,58,0,0.0,0,0.0,0,0.0,0,0.0,1,0.125,1,0.010869565217391304,0,0.0,0,0.0,7,0.1206896551724138,0.0
124,11,0,11,0,8,0,0,0.0,0,0,0,0.0,0,0,1,0.09090909090909091,0,0,0,0.0,0,0,0,0,-0.07777777777777779
125,7,575,7,509,7,302,0,0.0,0,0.0,0,0.0,0,0.0,0,0.0,9,0.01768172888015717,0,0.0,4,0.007952286282306162,28,0.09271523178807947,0.0
126,13,609,12,526,12,360,0,0.0,1,0.0016420361247947454,0,0.0,3,0.0049261083743842365,0,0.0,19,0.03612167300380228,0,0.0,2,0.003875968992248062,40,0.1111111111111111,-0.1
127,12,389,10,341,10,208,0,0.0,1,0.002570694087403599,0,0.0,0,0.0,0,0.0,3,0.008797653958944282,0,0.0,0,0.0,9,0.04326923076923077,-0.1875
128,8,514,7,463,6,311,0,0.0,0,0.0,0,0.0,3,0.005836575875486381,0,0.0,1,0.0021598272138228943,0,0.0,0,0.0,12,0.03858520900321544,0.0
129,11,463,10,410,10,262,0,0.0,0,0.0,0,0.0,1,0.0021598272138228943,0,0.0,7,0.01707317073170732,0,0.0,2,0.005012531328320802,24,0.0916030534351145,0.0
130,11,1386,11,1251,8,789,0,0.0,0,0.0,0,0.0,3,0.0021645021645021645,0,0.0,1,0.0007993605115907274,0,0.0,0,0.0,50,0.06337135614702155,0.0
131,7,108,6,104,6,57,0,0.0,0,0.0,0,0.0,0,0.0,0,0.0,1,0.009615384615384616,0,0.0,1,0.009900990099009901,4,0.07017543859649122,0.0
132,12,508,12,446,11,288,0,0.0,0,0.0,0,0.0,0,0.0,2,0.16666666666666666,7,0.01569506726457399,0,0.0,4,0.009174311926605505,41,0.1423611111111111,0.0
133,12,1199,12,1081,10,635,0,0.0,1,0.0008340283569641367,0,0.0,0,0.0,0,0.0,6,0.005550416281221091,0,0.0,0,0.0,5,0.007874015748031496,-0.2
134,12,0,11,0,10,0,0,0.0,0,0,0,0.0,0,0,1,0.09090909090909091,0,0,0,0.0,0,0,0,0,-0.2
135,9,726,8,646,6,400,0,0.0,0,0.0,0,0.0,0,0.0,0,0.0,4,0.006191950464396285,0,0.0,0,0.0,33,0.0825,0.16666666666666666
136,10,1547,10,1355,9,834,0,0.0,0,0.0,0,0.0,1,0.0006464124111182935,0,0.0,12,0.008856088560885609,0,0.0,16,0.011869436201780416,32,0.03836930455635491,0.018181818181818174
137,18,1792,18,1608,15,939,0,0.0,0,0.0,0,0.0,0,0.0,0,0.0,44,0.02736318407960199,0,0.0,0,0.0,84,0.08945686900958466,-0.06195286195286196
138,11,904,11,827,9,526,0,0.0,2,0.0022123893805309734,0,0.0,1,0.0011061946902654867,0,0.0,8,0.009673518742442563,0,0.0,0,0.0,0,0.0,0.0
139,8,1404,8,1177,7,759,0,0.0,1,0.0007122507122507123,0,0.0,3,0.002136752136752137,0,0.0,12,0.010195412064570943,0,0.0,6,0.00516795865633075,54,0.07114624505928854,0.5
140,16,477,16,417,11,291,0,0.0,2,0.0041928721174004195,0,0.0,0,0.0,1,0.0625,15,0.03597122302158273,0,0.0,0,0.0,35,0.12027491408934708,0.0
141,9,42,8,39,7,25,0,0.0,0,0.0,0,0.0,0,0.0,0,0.0,1,0.02564102564102564,0,0.0,0,0.0,1,0.04,0.13636363636363635
142,14,138,14,115,14,77,0,0.0,0,0.0,0,0.0,0,0.0,1,0.07142857142857142,1,0.008695652173913044,0,0.0,0,0.0,2,0.025974025974025976,0.3
143,12,91,10,74,8,44,0,0.0,1,0.01098901098901099,0,0.0,0,0.0,0,0.0,0,0.0,0,0.0,0,0.0,0,0.0,-0.16666666666666666
144,8,1316,8,1172,6,675,0,0.0,1,0.0007598784194528875,0,0.0,7,0.005319148936170213,1,0.125,7,0.005972696245733789,0,0.0,0,0.0,7,0.01037037037037037,0.0
145,9,553,9,508,8,301,0,0.0,0,0.0,0,0.0,0,0.0,0,0.0,6,0.011811023622047244,0,0.0,0,0.0,22,0.07308970099667775,0.0
146,6,0,6,0,5,0,0,0.0,0,0,0,0.0,0,0,0,0.0,0,0,0,0.0,0,0,0,0,0.0
147,22,497,20,449,13,302,0,0.0,0,0.0,0,0.0,0,0.0,1,0.05,1,0.0022271714922048997,0,0.0,4,0.008988764044943821,26,0.08609271523178808,0.0
148,17,574,15,487,13,314,0,0.0,0,0.0,0,0.0,1,0.0017421602787456446,1,0.06666666666666667,17,0.03490759753593429,0,0.0,5,0.010570824524312896,26,0.08280254777070063,0.41818181818181815
149,12,987,11,884,7,532,0,0.0,0,0.0,0,0.0,0,0.0,0,0.0,7,0.007918552036199095,0,0.0,3,0.003432494279176201,21,0.039473684210526314,0.14659090909090908
150,12,14,12,12,11,10,0,0.0,0,0.0,0,0.0,0,0.0,1,0.08333333333333333,0,0.0,0,0.0,0,0.0,1,0.1,0.0
151,6,290,6,259,5,171,0,0.0,0,0.0,0,0.0,0,0.0,0,0.0,2,0.007722007722007722,0,0.0,1,0.004032258064516129,14,0.08187134502923976,0.0
152,14,110,14,99,14,66,0,0.0,0,0.0,0,0.0,0,0.0,1,0.07142857142857142,2,0.020202020202020204,0,0.0,0,0.0,1,0.015151515151515152,0.8
153,9,850,8,749,6,470,0,0.0,0,0.0,0,0.0,1,0.001176470588235294,1,0.125,8,0.010680907877169559,0,0.0,2,0.002699055330634278,6,0.01276595744680851,0.0
154,9,141,9,122,8,83,0,0.0,1,0.0070921985815602835,0,0.0,2,0.014184397163120567,1,0.1111111111111111,4,0.03278688524590164,0,0.0,0,0.0,12,0.14457831325301204,0.0
155,12,2084,12,1868,12,1186,0,0.0,0,0.0,0,0.0,1,0.0004798464491362764,0,0.0,16,0.008565310492505354,0,0.0,0,0.0,16,0.013490725126475547,0.0
156,25,633,22,547,14,322,1,0.04,2,0.00315955766192733,0,0.0,0,0.0,0,0.0,15,0.027422303473491772,0,0.0,4,0.007380073800738007,7,0.021739130434782608,0.625
157,11,82,10,73,8,38,0,0.0,0,0.0,0,0.0,0,0.0,1,0.1,1,0.0136986301369863,0,0.0,0,0.0,0,0.0,0.0
158,10,1106,10,958,10,593,0,0.0,0,0.0,0,0.0,11,0.009945750452079566,0,0.0,4,0.0041753653444676405,0,0.0,0,0.0,24,0.04047217537942664,0.04999999999999999
159,17,1253,15,1109,12,664,0,0.0,0,0.0,0,0.0,0,0.0,0,0.0,4,0.0036068530207394047,0,0.0,0,0.0,25,0.03765060240963856,0.5
160,11,1282,10,1134,7,688,0,0.0,0,0.0,0,0.0,0,0.0,0,0.0,4,0.003527336860670194,0,0.0,0,0.0,0,0.0,-0.5
161,19,331,17,294,11,177,0,0.0,0,0.0,0,0.0,0,0.0,1,0.058823529411764705,3,0.01020408163265306,0,0.0,0,0.0,13,0.07344632768361582,0.0
162,9,716,8,614,7,390,0,0.0,0,0.0,0,0.0,0,0.0,0,0.0,12,0.019543973941368076,0,0.0,0,0.0,21,0.05384615384615385,0.0
163,10,113,10,95,8,64,0,0.0,1,0.008849557522123894,0,0.0,2,0.017699115044247787,1,0.1,2,0.021052631578947368,0,0.0,0,0.0,2,0.03125,0.0
164,36,1782,30,1617,19,889,0,0.0,0,0.0,0,0.0,0,0.0,2,0.06666666666666667,25,0.015460729746444033,0,0.0,3,0.0018645121193287756,39,0.043869516310461196,0.14375
165,14,358,12,320,10,205,0,0.0,1,0.002793296089385475,0,0.0,2,0.00558659217877095,1,0.08333333333333333,8,0.025,0,0.0,5,0.016025641025641024,10,0.04878048780487805,0.5
166,7,854,6,760,5,466,0,0.0,0,0.0,0,0.0,2,0.00234192037470726,0,0.0,6,0.007894736842105263,0,0.0,1,0.0013280212483399733,17,0.03648068669527897,0.0
167,19,281,19,259,15,176,0,0.0,0,0.0,0,0.0,0,0.0,0,0.0,3,0.011583011583011582,0,0.0,0,0.0,16,0.09090909090909091,0.0
168,19,546,17,480,13,279,0,0.0,1,0.0018315018315018315,0,0.0,1,0.0018315018315018315,0,0.0,4,0.008333333333333333,0,0.0,4,0.008421052631578947,32,0.11469534050179211,0.07500000000000001
169,12,697,9,598,8,377,0,0.0,0,0.0,0,0.0,0,0.0,0,0.0,31,0.051839464882943144,0,0.0,5,0.008460236886632826,31,0.08222811671087533,-0.2
170,10,1321,9,1171,7,767,0,0.0,0,0.0,0,0.0,1,0.000757002271006813,1,0.1111111111111111,33,0.028181041844577284,0,0.0,0,0.0,67,0.08735332464146023,0.0
171,12,491,12,447,10,280,0,0.0,0,0.0,0,0.0,0,0.0,0,0.0,4,0.008948545861297539,0,0.0,0,0.0,34,0.12142857142857143,0.35
172,15,371,13,311,12,185,0,0.0,1,0.0026954177897574125,0,0.0,0,0.0,0,0.0,4,0.012861736334405145,0,0.0,1,0.003236245954692557,2,0.010810810810810811,0.0
173,17,383,16,353,16,224,0,0.0,0,0.0,0,0.0,0,0.0,2,0.125,10,0.028328611898016998,0,0.0,0,0.0,2,0.008928571428571428,0.15625
174,7,20,7,17,7,9,0,0.0,0,0.0,0,0.0,0,0.0,0,0.0,0,0.0,0,0.0,1,0.0625,0,0.0,0.0
175,18,1556,17,1407,9,765,0,0.0,0,0.0,0,0.0,2,0.0012853470437017994,1,0.058823529411764705,10,0.007107320540156361,0,0.0,3,0.0022675736961451248,11,0.01437908496732026,0.4
176,13,1943,12,1704,7,1056,0,0.0,4,0.002058672156459084,0,0.0,10,0.0051466803911477095,0,0.0,34,0.01995305164319249,0,0.0,1,0.0006357279084551812,32,0.030303030303030304,-0.1
177,14,383,13,352,13,210,0,0.0,0,0.0,0,0.0,0,0.0,0,0.0,5,0.014204545454545454,0,0.0,0,0.0,26,0.12380952380952381,0.0
178,325,421,309,373,218,206,1,0.003076923076923077,0,0.0,0,0.0,0,0.0,9,0.02912621359223301,4,0.010723860589812333,0,0.0,0,0.0,10,0.04854368932038835,0.12919372294372294
179,8,972,7,864,5,518,0,0.0,0,0.0,0,0.0,2,0.00205761316872428,0,0.0,6,0.006944444444444444,0,0.0,9,0.010727056019070322,14,0.02702702702702703,0.0
180,10,296,10,249,9,165,0,0.0,2,0.006756756756756757,0,0.0,2,0.006756756756756757,0,0.0,16,0.0642570281124498,0,0.0,0,0.0,17,0.10303030303030303,0.0
181,4,76,4,72,3,44,0,0.0,0,0.0,0,0.0,0,0.0,0,0.0,4,0.05555555555555555,0,0.0,0,0.0,2,0.045454545454545456,-0.1
182,11,853,11,790,9,485,0,0.0,0,0.0,0,0.0,0,0.0,0,0.0,14,0.017721518987341773,0,0.0,0,0.0,23,0.04742268041237113,0.0
183,13,100,12,89,12,63,0,0.0,0,0.0,0,0.0,0,0.0,0,0.0,2,0.02247191011235955,0,0.0,0,0.0,5,0.07936507936507936,0.6
184,10,215,10,195,8,127,0,0.0,0,0.0,0,0.0,0,0.0,0,0.0,2,0.010256410256410256,0,0.0,0,0.0,14,0.11023622047244094,-0.125
185,12,836,12,748,10,444,0,0.0,0,0.0,0,0.0,0,0.0,0,0.0,3,0.004010695187165776,0,0.0,10,0.01366120218579235,16,0.036036036036036036,0.5
186,20,525,20,471,12,278,0,0.0,0,0.0,0,0.0,0,0.0,1,0.05,3,0.006369426751592357,0,0.0,3,0.0064794816414686825,15,0.0539568345323741,0.0
187,9,288,9,254,7,154,0,0.0,0,0.0,0,0.0,0,0.0,1,0.1111111111111111,8,0.031496062992125984,0,0.0,1,0.004016064257028112,7,0.045454545454545456,0.3
188,13,1393,12,1218,9,699,0,0.0,4,0.002871500358937545,0,0.0,4,0.002871500358937545,0,0.0,15,0.012315270935960592,0,0.0,26,0.022108843537414966,6,0.008583690987124463,0.0
189,7,361,7,322,6,201,0,0.0,0,0.0,0,0.0,0,0.0,0,0.0,4,0.012422360248447204,0,0.0,2,0.006369426751592357,10,0.04975124378109453,-0.1
190,5,0,5,0,3,0,0,0.0,0,0,0,0.0,0,0,0,0.0,0,0,0,0.0,0,0,0,0,0.0
191,13,784,12,702,8,433,0,0.0,0,0.0,0,0.0,2,0.002551020408163265,0,0.0,8,0.011396011396011397,0,0.0,0,0.0,6,0.013856812933025405,-0.1
192,4,81,4,72,4,45,0,0.0,0,0.0,0,0.0,0,0.0,0,0.0,1,0.013888888888888888,0,0.0,0,0.0,0,0.0,0.0
193,28,643,27,580,16,327,0,0.0,0,0.0,0,0.0,0,0.0,0,0.0,19,0.032758620689655175,0,0.0,7,0.012411347517730497,7,0.021406727828746176,-0.07500000000000001
194,10,85,9,72,9,46,0,0.0,0,0.0,0,0.0,0,0.0,0,0.0,2,0.027777777777777776,0,0.0,0,0.0,7,0.15217391304347827,0.13636363636363635
195,323,147,307,127,217,81,1,0.0030959752321981426,1,0.006802721088435374,0,0.0,0,0.0,11,0.035830618892508145,0,0.0,0,0.0,0,0.0,4,0.04938271604938271,0.14297785547785546
196,12,677,12,618,9,397,0,0.0,0,0.0,0,0.0,0,0.0,0,0.0,6,0.009708737864077669,1,0.09090909090909091,2,0.003278688524590164,30,0.07556675062972293,-0.05
197,9,812,9,716,7,417,0,0.0,0,0.0,0,0.0,2,0.0024630541871921183,0,0.0,37,0.051675977653631286,0,0.0,12,0.01721664275466284,17,0.0407673860911271,0.0
198,10,938,9,835,8,496,0,0.0,1,0.0010660980810234541,0,0.0,1,0.0010660980810234541,0,0.0,11,0.013173652694610778,0,0.0,5,0.006045949214026602,35,0.07056451612903226,0.0
199,10,0,9,0,7,0,0,0.0,0,0,0,0.0,0,0,1,0.1111111111111111,0,0,0,0.0,0,0,0,0,0.4
200,16,573,13,526,9,314,0,0.0,0,0.0,0,0.0,1,0.0017452006980802793,0,0.0,7,0.013307984790874524,0,0.0,0,0.0,25,0.07961783439490445,0.4166666666666667
201,17,211,14,192,13,120,0,0.0,0,0.0,1,0.058823529411764705,0,0.0,1,0.07142857142857142,2,0.010416666666666666,0,0.0,0,0.0,10,0.08333333333333333,1.0
202,2,0,2,0,2,0,0,0.0,0,0,0,0.0,0,0,0,0.0,0,0,0,0.0,0,0,0,0,0.0
203,12,710,12,663,10,399,0,0.0,1,0.0014084507042253522,0,0.0,0,0.0,1,0.08333333333333333,7,0.010558069381598794,0,0.0,0,0.0,40,0.10025062656641603,0.0
204,8,688,8,618,5,392,0,0.0,1,0.0014534883720930232,0,0.0,0,0.0,0,0.0,24,0.038834951456310676,0,0.0,1,0.001644736842105263,7,0.017857142857142856,0.0
205,8,39,7,37,6,23,0,0.0,0,0.0,0,0.0,0,0.0,1,0.14285714285714285,1,0.02702702702702703,0,0.0,0,0.0,4,0.17391304347826086,0.0
206,14,881,11,788,10,483,0,0.0,4,0.004540295119182747,0,0.0,6,0.00681044267877412,0,0.0,6,0.007614213197969543,0,0.0,0,0.0,33,0.06832298136645963,0.13636363636363635
207,11,133,11,107,8,85,0,0.0,0,0.0,0,0.0,0,0.0,0,0.0,2,0.018691588785046728,0,0.0,0,0.0,5,0.058823529411764705,0.0
208,10,247,10,213,8,127,0,0.0,0,0.0,0,0.0,0,0.0,1,0.1,3,0.014084507042253521,0,0.0,0,0.0,7,0.05511811023622047,-0.4
209,10,1513,10,1383,8,844,0,0.0,0,0.0,0,0.0,1,0.0006609385327164573,0,0.0,11,0.007953723788864787,0,0.0,0,0.0,35,0.041469194312796206,0.0
210,20,661,20,579,11,348,0,0.0,0,0.0,0,0.0,0,0.0,0,0.0,1,0.0017271157167530224,0,0.0,7,0.012345679012345678,24,0.06896551724137931,-0.5
211,13,515,12,463,10,291,0,0.0,0,0.0,0,0.0,0,0.0,4,0.3333333333333333,14,0.03023758099352052,0,0.0,4,0.008771929824561403,0,0.0,0.5
212,11,885,10,743,9,453,1,0.09090909090909091,0,0.0,0,0.0,1,0.0011299435028248588,1,0.1,22,0.029609690444145357,0,0.0,3,0.004081632653061225,9,0.019867549668874173,0.0
213,10,1418,10,1285,8,772,0,0.0,0,0.0,0,0.0,0,0.0,0,0.0,3,0.0023346303501945525,0,0.0,0,0.0,28,0.03626943005181347,0.0
214,8,97,8,82,8,54,0,0.0,0,0.0,0,0.0,0,0.0,0,0.0,0,0.0,0,0.0,0,0.0,0,0.0,0.0
215,10,397,10,364,8,225,0,0.0,0,0.0,0,0.0,0,0.0,0,0.0,2,0.005494505494505495,0,0.0,0,0.0,18,0.08,0.0
216,18,142,15,129,11,89,0,0.0,0,0.0,0,0.0,1,0.007042253521126761,0,0.0,2,0.015503875968992248,0,0.0,0,0.0,7,0.07865168539325842,0.09999999999999999
217,15,214,14,184,13,115,0,0.0,2,0.009345794392523364,0,0.0,2,0.009345794392523364,0,0.0,6,0.03260869565217391,0,0.0,4,0.022598870056497175,14,0.12173913043478261,-0.3
218,26,1856,25,1660,19,1020,0,0.0,0,0.0,0,0.0,1,0.0005387931034482759,0,0.0,14,0.008433734939759036,0,0.0,10,0.006127450980392157,58,0.056862745098039215,0.06818181818181818
219,13,547,11,501,8,330,0,0.0,0,0.0,1,0.07692307692307693,1,0.0018281535648994515,0,0.0,9,0.017964071856287425,0,0.0,1,0.002336448598130841,28,0.08484848484848485,0.13636363636363635
220,41,1597,37,1477,20,838,0,0.0,0,0.0,0,0.0,0,0.0,1,0.02702702702702703,20,0.013540961408259987,1,0.02702702702702703,0,0.0,67,0.07995226730310262,0.7
221,13,155,11,131,10,84,0,0.0,1,0.0064516129032258064,0,0.0,2,0.012903225806451613,0,0.0,1,0.007633587786259542,0,0.0,0,0.0,6,0.07142857142857142,-0.5
222,13,1941,12,1748,10,1071,0,0.0,0,0.0,0,0.0,2,0.0010303967027305513,0,0.0,21,0.012013729977116704,0,0.0,2,0.0011869436201780415,73,0.06816059757236227,0.0
223,9,0,7,0,6,0,0,0.0,0,0,0,0.0,0,0,0,0.0,0,0,0,0.0,0,0,0,0,-0.2
224,4,0,3,0,3,0,0,0.0,0,0,0,0.0,0,0,0,0.0,0,0,0,0.0,0,0,0,0,0.0
225,22,2885,20,2620,14,1481,0,0.0,6,0.0020797227036395147,0,0.0,7,0.0024263431542461003,0,0.0,9,0.003435114503816794,0,0.0,0,0.0,100,0.0675219446320054,0.2
226,9,406,9,359,9,229,0,0.0,0,0.0,0,0.0,1,0.0024630541871921183,0,0.0,3,0.008356545961002786,0,0.0,1,0.0028089887640449437,12,0.05240174672489083,0.13636363636363635
227,7,279,7,252,7,165,0,0.0,0,0.0,0,0.0,0,0.0,0,0.0,2,0.007936507936507936,0,0.0,0,0.0,7,0.04242424242424243,-0.25
228,10,1457,9,1292,7,792,0,0.0,1,0.0006863417982155113,0,0.0,0,0.0,0,0.0,9,0.00696594427244582,0,0.0,4,0.003134796238244514,12,0.015151515151515152,0.0
229,11,2844,11,2513,10,1533,0,0.0,5,0.0017580872011251757,0,0.0,4,0.0014064697609001407,2,0.18181818181818182,148,0.05889375248706725,0,0.0,0,0.0,213,0.13894324853228962,-0.1
230,15,646,13,582,11,358,0,0.0,0,0.0,1,0.06666666666666667,1,0.0015479876160990713,1,0.07692307692307693,11,0.018900343642611683,0,0.0,1,0.001736111111111111,31,0.08659217877094973,-0.18333333333333335
231,20,132,18,104,14,71,0,0.0,3,0.022727272727272728,0,0.0,0,0.0,1,0.05555555555555555,1,0.009615384615384616,0,0.0,0,0.0,17,0.23943661971830985,0.13636363636363635
232,327,329,311,285,221,173,1,0.0030581039755351682,0,0.0,0,0.0,0,0.0,8,0.02572347266881029,3,0.010526315789473684,0,0.0,1,0.0036101083032490976,20,0.11560693641618497,0.1220508658008658
233,13,618,12,540,10,356,0,0.0,0,0.0,1,0.07692307692307693,1,0.0016181229773462784,1,0.08333333333333333,10,0.018518518518518517,0,0.0,1,0.0019047619047619048,50,0.1404494382022472,0.0
234,10,213,10,191,9,131,0,0.0,0,0.0,0,0.0,0,0.0,0,0.0,5,0.02617801047120419,0,0.0,0,0.0,17,0.1297709923664122,0.0
235,16,843,16,774,12,462,0,0.0,0,0.0,0,0.0,0,0.0,2,0.125,36,0.046511627906976744,0,0.0,0,0.0,31,0.0670995670995671,-0.1
236,12,1128,12,986,8,588,0,0.0,0,0.0,0,0.0,1,0.0008865248226950354,0,0.0,8,0.008113590263691683,0,0.0,10,0.010362694300518135,37,0.06292517006802721,-0.03181818181818183
237,13,1682,13,1518,9,925,0,0.0,0,0.0,0,0.0,3,0.0017835909631391202,0,0.0,26,0.017127799736495388,0,0.0,0,0.0,48,0.05189189189189189,0.25
238,11,323,11,289,9,186,0,0.0,4,0.01238390092879257,0,0.0,0,0.0,1,0.09090909090909091,6,0.020761245674740483,0,0.0,1,0.003484320557491289,11,0.05913978494623656,-0.4
239,15,357,15,285,14,202,0,0.0,0,0.0,0,0.0,14,0.0392156862745098,1,0.06666666666666667,6,0.021052631578947368,0,0.0,1,0.0035971223021582736,1,0.0049504950495049506,-0.08333333333333333
240,11,480,9,409,9,274,0,0.0,0,0.0,0,0.0,0,0.0,0,0.0,4,0.009779951100244499,0,0.0,1,0.0024752475247524753,4,0.014598540145985401,0.0
241,9,259,7,230,7,156,0,0.0,0,0.0,1,0.1111111111111111,1,0.003861003861003861,0,0.0,3,0.013043478260869565,0,0.0,2,0.008771929824561403,2,0.01282051282051282,0.5
242,11,64,10,59,9,41,0,0.0,0,0.0,0,0.0,0,0.0,1,0.1,1,0.01694915254237288,0,0.0,0,0.0,5,0.12195121951219512,0.0
243,9,0,9,0,6,0,0,0.0,0,0,0,0.0,0,0,0,0.0,0,0,0,0.0,0,0,0,0,0.0
244,14,113,13,97,12,64,0,0.0,1,0.008849557522123894,0,0.0,2,0.017699115044247787,1,0.07692307692307693,3,0.030927835051546393,0,0.0,2,0.021052631578947368,7,0.109375,-0.15000000000000002
245,6,390,6,340,5,213,0,0.0,1,0.002564102564102564,0,0.0,1,0.002564102564102564,0,0.0,10,0.029411764705882353,0,0.0,3,0.008875739644970414,10,0.046948356807511735,0.525
246,11,162,10,143,10,97,0,0.0,1,0.006172839506172839,0,0.0,2,0.012345679012345678,1,0.1,3,0.02097902097902098,0,0.0,0,0.0,11,0.1134020618556701,0.0
247,11,299,10,276,6,182,0,0.0,0,0.0,0,0.0,0,0.0,0,0.0,1,0.0036231884057971015,0,0.0,0,0.0,17,0.09340659340659341,0.5
248,24,811,22,736,14,438,0,0.0,0,0.0,1,0.041666666666666664,0,0.0,0,0.0,3,0.004076086956521739,0,0.0,1,0.001366120218579235,31,0.07077625570776255,0.0
249,8,59,7,52,7,40,0,0.0,0,0.0,0,0.0,0,0.0,0,0.0,2,0.038461538461538464,0,0.0,0,0.0,1,0.025,0.0
250,23,1582,21,1424,15,875,0,0.0,0,0.0,0,0.0,2,0.0012642225031605564,2,0.09523809523809523,8,0.0056179775280898875,0,0.0,0,0.0,27,0.030857142857142857,0.15
251,11,292,11,264,9,164,0,0.0,0,0.0,0,0.0,0,0.0,0,0.0,8,0.030303030303030304,0,0.0,0,0.0,23,0.1402439024390244,0.0
252,11,42,11,39,11,23,0,0.0,0,0.0,0,0.0,0,0.0,0,0.0,0,0.0,0,0.0,0,0.0,0,0.0,0.0
253,13,342,12,304,12,207,0,0.0,0,0.0,0,0.0,0,0.0,0,0.0,7,0.023026315789473683,0,0.0,0,0.0,6,0.028985507246376812,0.0
254,6,461,6,412,4,236,0,0.0,0,0.0,0,0.0,0,0.0,0,0.0,2,0.0048543689320388345,0,0.0,7,0.017369727047146403,17,0.07203389830508475,0.0
255,12,343,10,309,9,189,0,0.0,0,0.0,0,0.0,0,0.0,1,0.1,7,0.022653721682847898,0,0.0,0,0.0,19,0.10052910052910052,0.0
256,8,1649,8,1448,7,904,0,0.0,2,0.001212856276531231,0,0.0,4,0.002425712553062462,0,0.0,28,0.019337016574585635,0,0.0,0,0.0,49,0.05420353982300885,0.3333333333333333
257,8,415,8,369,6,222,0,0.0,0,0.0,0,0.0,0,0.0,2,0.25,20,0.05420054200542006,0,0.0,1,0.0027100271002710027,13,0.05855855855855856,0.0
258,19,0,15,0,11,0,0,0.0,0,0,0,0.0,0,0,0,0.0,0,0,0,0.0,0,0,0,0,0.1
259,11,316,11,274,10,169,0,0.0,0,0.0,0,0.0,0,0.0,0,0.0,5,0.01824817518248175,0,0.0,5,0.019083969465648856,12,0.07100591715976332,0.0
260,9,1188,9,1078,7,667,0,0.0,0,0.0,0,0.0,0,0.0,0,0.0,9,0.008348794063079777,0,0.0,1,0.0009560229445506692,42,0.06296851574212893,-0.1
261,10,142,10,123,10,86,0,0.0,0,0.0,0,0.0,1,0.007042253521126761,0,0.0,2,0.016260162601626018,0,0.0,1,0.008333333333333333,13,0.1511627906976744,0.5
262,9,848,9,771,7,459,0,0.0,0,0.0,0,0.0,0,0.0,0,0.0,13,0.016861219195849545,0,0.0,0,0.0,24,0.05228758169934641,0.65
263,9,375,9,310,9,198,0,0.0,0,0.0,0,0.0,0,0.0,1,0.1111111111111111,2,0.0064516129032258064,0,0.0,4,0.013071895424836602,1,0.005050505050505051,-0.25
264,325,424,309,376,221,226,1,0.003076923076923077,0,0.0,0,0.0,0,0.0,9,0.02912621359223301,5,0.013297872340425532,0,0.0,0,0.0,45,0.19911504424778761,0.1684794372294372
265,6,106,5,87,4,61,0,0.0,0,0.0,0,0.0,0,0.0,0,0.0,3,0.034482758620689655,0,0.0,0,0.0,6,0.09836065573770492,0.0
266,12,1418,11,1317,10,809,0,0.0,0,0.0,0,0.0,0,0.0,0,0.0,11,0.008352315869400152,0,0.0,0,0.0,65,0.08034610630407911,0.175
267,10,427,10,385,8,258,0,0.0,0,0.0,0,0.0,1,0.00234192037470726,0,0.0,1,0.0025974025974025974,0,0.0,0,0.0,2,0.007751937984496124,0.0
268,12,348,11,284,7,204,0,0.0,0,0.0,0,0.0,2,0.005747126436781609,0,0.0,5,0.017605633802816902,0,0.0,2,0.007220216606498195,6,0.029411764705882353,-0.5
269,18,958,17,785,12,526,0,0.0,0,0.0,0,0.0,1,0.0010438413361169101,2,0.11764705882352941,14,0.017834394904458598,0,0.0,7,0.009186351706036745,10,0.019011406844106463,-0.05
270,9,1587,8,1447,6,845,0,0.0,0,0.0,0,0.0,3,0.001890359168241966,0,0.0,5,0.0034554250172771253,0,0.0,0,0.0,2,0.002366863905325444,0.0
271,8,157,8,138,6,96,0,0.0,0,0.0,0,0.0,0,0.0,0,0.0,4,0.028985507246376812,0,0.0,1,0.0072992700729927005,8,0.08333333333333333,-0.4
272,12,3081,12,2312,12,1534,0,0.0,25,0.008114248620577734,0,0.0,77,0.024991885751379422,0,0.0,247,0.10683391003460208,0,0.0,0,0.0,45,0.029335071707953065,0.0
273,19,1291,18,1194,13,706,0,0.0,0,0.0,0,0.0,0,0.0,0,0.0,4,0.0033500837520938024,0,0.0,0,0.0,18,0.025495750708215296,-0.875
274,13,136,13,116,10,76,0,0.0,0,0.0,0,0.0,0,0.0,0,0.0,3,0.02586206896551724,0,0.0,1,0.008849557522123894,13,0.17105263157894737,0.4
275,16,721,13,664,12,398,0,0.0,0,0.0,0,0.0,0,0.0,0,0.0,2,0.0030120481927710845,0,0.0,0,0.0,3,0.007537688442211055,0.0
276,9,644,9,541,8,334,0,0.0,0,0.0,0,0.0,0,0.0,0,0.0,15,0.027726432532347505,0,0.0,1,0.0018587360594795538,9,0.02694610778443114,-0.15000000000000002
277,4,0,4,0,4,0,0,0.0,0,0,0,0.0,0,0,0,0.0,0,0,0,0.0,0,0,0,0,0.0
278,8,3336,8,2902,5,1926,0,0.0,2,0.0005995203836930455,0,0.0,11,0.0032973621103117505,1,0.125,47,0.016195727084769126,0,0.0,34,0.01176063645797302,6,0.003115264797507788,0.0
279,8,2906,8,2625,8,1724,0,0.0,1,0.00034411562284927734,0,0.0,1,0.00034411562284927734,0,0.0,48,0.018285714285714287,0,0.0,1,0.00039494470774091627,48,0.027842227378190254,0.028787878787878782
280,10,1296,9,1176,7,641,0,0.0,2,0.0015432098765432098,1,0.1,2,0.0015432098765432098,0,0.0,7,0.005952380952380952,0,0.0,0,0.0,2,0.0031201248049922,0.0
281,22,341,22,306,14,185,0,0.0,0,0.0,0,0.0,0,0.0,2,0.09090909090909091,6,0.0196078431372549,0,0.0,0,0.0,16,0.08648648648648649,0.17857142857142858
282,10,77,9,69,8,47,0,0.0,0,0.0,0,0.0,0,0.0,0,0.0,1,0.014492753623188406,0,0.0,0,0.0,3,0.06382978723404255,0.15333333333333332
283,11,789,11,694,8,445,0,0.0,0,0.0,0,0.0,0,0.0,0,0.0,22,0.03170028818443804,0,0.0,3,0.004335260115606936,17,0.038202247191011236,0.0
284,15,205,14,183,12,108,0,0.0,1,0.004878048780487805,1,0.06666666666666667,2,0.00975609756097561,1,0.07142857142857142,2,0.01092896174863388,0,0.0,0,0.0,16,0.14814814814814814,-0.30000000000000004
285,9,652,9,586,7,356,0,0.0,0,0.0,0,0.0,1,0.0015337423312883436,0,0.0,3,0.005119453924914676,0,0.0,0,0.0,24,0.06741573033707865,0.0
286,10,1466,10,1333,8,830,0,0.0,0,0.0,0,0.0,0,0.0,0,0.0,4,0.003000750187546887,0,0.0,0,0.0,64,0.07710843373493977,0.0
287,15,693,14,622,11,411,0,0.0,0,0.0,0,0.0,0,0.0,0,0.0,8,0.012861736334405145,0,0.0,0,0.0,33,0.08029197080291971,-0.1
288,326,505,310,461,220,287,1,0.003067484662576687,0,0.0,0,0.0,0,0.0,9,0.02903225806451613,11,0.02386117136659436,0,0.0,0,0.0,26,0.09059233449477352,0.12818704284221524
289,14,151,12,134,12,88,0,0.0,1,0.006622516556291391,0,0.0,0,0.0,0,0.0,3,0.022388059701492536,0,0.0,3,0.022900763358778626,4,0.045454545454545456,-0.41666666666666663
290,10,1044,10,954,8,618,0,0.0,0,0.0,0,0.0,0,0.0,0,0.0,17,0.01781970649895178,0,0.0,0,0.0,33,0.05339805825242718,-0.05
291,16,953,15,867,12,507,0,0.0,0,0.0,0,0.0,0,0.0,0,0.0,22,0.025374855824682813,0,0.0,0,0.0,11,0.021696252465483234,-0.1
292,10,271,10,243,10,152,0,0.0,0,0.0,0,0.0,0,0.0,1,0.1,5,0.0205761316872428,0,0.0,0,0.0,21,0.13815789473684212,-0.07777777777777779
293,12,735,12,647,8,418,0,0.0,1,0.0013605442176870747,0,0.0,0,0.0,0,0.0,13,0.02009273570324575,0,0.0,4,0.006259780907668232,8,0.019138755980861243,-0.2
294,13,759,13,684,7,385,0,0.0,0,0.0,0,0.0,1,0.0013175230566534915,2,0.15384615384615385,35,0.05116959064327485,0,0.0,0,0.0,80,0.2077922077922078,0.0
295,27,287,26,269,18,156,1,0.037037037037037035,0,0.0,0,0.0,0,0.0,0,0.0,1,0.0037174721189591076,0,0.0,0,0.0,17,0.10897435897435898,0.375
296,12,1546,11,1392,11,814,0,0.0,7,0.004527813712807244,0,0.0,7,0.004527813712807244,1,0.09090909090909091,42,0.03017241379310345,0,0.0,0,0.0,9,0.011056511056511056,0.2
297,10,82,9,74,6,51,0,0.0,0,0.0,1,0.1,0,0.0,0,0.0,2,0.02702702702702703,0,0.0,0,0.0,0,0.0,-1.0
298,28,189,25,177,16,98,0,0.0,0,0.0,1,0.03571428571428571,0,0.0,0,0.0,0,0.0,0,0.0,0,0.0,15,0.15306122448979592,0.5
299,18,458,18,394,12,257,0,0.0,2,0.004366812227074236,0,0.0,0,0.0,0,0.0,3,0.007614213197969543,0,0.0,0,0.0,41,0.15953307392996108,0.06818181818181818
300,6,414,6,369,5,207,0,0.0,0,0.0,0,0.0,0,0.0,0,0.0,8,0.02168021680216802,0,0.0,3,0.00821917808219178,12,0.057971014492753624,0.13636363636363635
301,10,458,7,413,4,235,0,0.0,0,0.0,0,0.0,1,0.002183406113537118,0,0.0,3,0.007263922518159807,0,0.0,1,0.002564102564102564,9,0.03829787234042553,0.0
302,14,112,13,95,9,62,0,0.0,0,0.0,0,0.0,0,0.0,1,0.07692307692307693,2,0.021052631578947368,0,0.0,0,0.0,8,0.12903225806451613,-0.3
303,12,478,12,428,11,251,0,0.0,0,0.0,0,0.0,0,0.0,0,0.0,3,0.007009345794392523,0,0.0,0,0.0,6,0.02390438247011952,-0.05
304,16,942,15,850,11,521,0,0.0,0,0.0,0,0.0,4,0.004246284501061571,0,0.0,6,0.007058823529411765,0,0.0,0,0.0,32,0.061420345489443376,0.1
305,2,230,2,191,2,128,0,0.0,0,0.0,0,0.0,1,0.004347826086956522,0,0.0,2,0.010471204188481676,0,0.0,0,0.0,3,0.0234375,0.0
306,16,1044,14,952,12,578,0,0.0,0,0.0,0,0.0,0,0.0,1,0.07142857142857142,25,0.026260504201680673,0,0.0,0,0.0,86,0.14878892733564014,0.0
307,12,1107,11,969,9,559,0,0.0,0,0.0,0,0.0,2,0.0018066847335140017,0,0.0,6,0.006191950464396285,0,0.0,11,0.011518324607329843,59,0.10554561717352415,0.0
308,10,1547,10,1355,9,834,0,0.0,0,0.0,0,0.0,1,0.0006464124111182935,0,0.0,12,0.008856088560885609,0,0.0,16,0.011869436201780416,32,0.03836930455635491,0.018181818181818174
309,7,1012,7,883,7,551,0,0.0,0,0.0,0,0.0,1,0.0009881422924901185,0,0.0,6,0.006795016987542469,0,0.0,6,0.006872852233676976,21,0.038112522686025406,0.0
310,11,529,11,453,9,280,0,0.0,0,0.0,0,0.0,0,0.0,0,0.0,11,0.024282560706401765,0,0.0,1,0.0022123893805309734,11,0.039285714285714285,-0.275
311,11,1091,9,944,6,538,0,0.0,0,0.0,0,0.0,1,0.0009165902841429881,0,0.0,19,0.020127118644067795,0,0.0,11,0.011879049676025918,12,0.022304832713754646,0.3
312,19,140,19,127,17,83,0,0.0,0,0.0,0,0.0,0,0.0,0,0.0,0,0.0,0,0.0,0,0.0,21,0.25301204819277107,0.026515151515151512
313,10,0,9,0,7,0,0,0.0,0,0,0,0.0,0,0,0,0.0,0,0,0,0.0,0,0,0,0,0.5
314,10,577,9,519,7,309,0,0.0,0,0.0,0,0.0,0,0.0,0,0.0,5,0.009633911368015413,0,0.0,3,0.005836575875486381,17,0.05501618122977346,0.2
315,13,995,13,919,11,612,0,0.0,0,0.0,0,0.0,1,0.0010050251256281408,0,0.0,8,0.008705114254624592,0,0.0,0,0.0,36,0.058823529411764705,0.15
316,8,483,8,401,8,251,0,0.0,1,0.002070393374741201,0,0.0,2,0.004140786749482402,0,0.0,7,0.017456359102244388,0,0.0,4,0.00997506234413965,19,0.07569721115537849,1.0
317,14,1761,13,1510,12,885,0,0.0,1,0.0005678591709256105,0,0.0,4,0.002271436683702442,0,0.0,24,0.015894039735099338,0,0.0,51,0.03529411764705882,20,0.022598870056497175,-0.012499999999999997
318,4,8,3,7,3,5,0,0.0,0,0.0,0,0.0,0,0.0,0,0.0,0,0.0,0,0.0,0,0.0,0,0.0,0.0
319,10,478,9,420,6,268,0,0.0,0,0.0,0,0.0,0,0.0,0,0.0,10,0.023809523809523808,0,0.0,0,0.0,19,0.0708955223880597,-0.35714285714285715
320,45,1676,42,1519,27,903,0,0.0,0,0.0,0,0.0,0,0.0,1,0.023809523809523808,8,0.005266622778143515,2,0.05128205128205128,1,0.0007052186177715092,50,0.05537098560354374,-0.07857142857142856
321,10,899,10,752,9,452,0,0.0,0,0.0,0,0.0,1,0.0011123470522803114,0,0.0,13,0.017287234042553192,0,0.0,6,0.008086253369272238,13,0.028761061946902654,-0.4318181818181818
322,9,518,9,493,7,277,0,0.0,0,0.0,0,0.0,0,0.0,0,0.0,0,0.0,0,0.0,0,0.0,14,0.05054151624548736,-0.7
323,17,1206,16,1124,8,619,0,0.0,0,0.0,0,0.0,0,0.0,0,0.0,17,0.015124555160142349,0,0.0,0,0.0,35,0.05654281098546042,0.3
324,12,1877,11,1644,7,971,0,0.0,0,0.0,0,0.0,6,0.0031965903036760787,0,0.0,34,0.02068126520681265,0,0.0,18,0.011349306431273645,34,0.035015447991761074,0.0
325,13,211,12,187,10,105,0,0.0,1,0.004739336492890996,0,0.0,2,0.009478672985781991,0,0.0,2,0.0106951871657754,0,0.0,0,0.0,6,0.05714285714285714,0.05
326,12,189,12,160,12,128,0,0.0,0,0.0,0,0.0,0,0.0,0,0.0,0,0.0,0,0.0,2,0.0125,3,0.0234375,0.675
327,21,464,19,407,13,256,0,0.0,3,0.00646551724137931,0,0.0,1,0.0021551724137931034,0,0.0,12,0.029484029484029485,0,0.0,0,0.0,36,0.140625,0.225
328,12,622,11,516,11,369,0,0.0,1,0.001607717041800643,0,0.0,0,0.0,1,0.09090909090909091,31,0.060077519379844964,0,0.0,1,0.002,48,0.13008130081300814,-0.6
329,12,2028,10,1825,10,1094,0,0.0,0,0.0,0,0.0,9,0.004437869822485207,0,0.0,17,0.009315068493150684,0,0.0,3,0.001722158438576349,4,0.003656307129798903,0.75
330,12,288,12,267,9,152,0,0.0,0,0.0,0,0.0,0,0.0,0,0.0,2,0.00749063670411985,0,0.0,1,0.003816793893129771,18,0.11842105263157894,0.0
331,9,793,9,715,8,456,0,0.0,1,0.0012610340479192938,0,0.0,2,0.0025220680958385876,0,0.0,3,0.004195804195804196,0,0.0,0,0.0,2,0.0043859649122807015,0.0
332,21,518,20,458,14,251,0,0.0,0,0.0,0,0.0,3,0.005791505791505791,0,0.0,8,0.017467248908296942,0,0.0,2,0.004672897196261682,18,0.07171314741035857,-0.4
333,8,54,8,45,8,32,0,0.0,0,0.0,0,0.0,0,0.0,0,0.0,0,0.0,0,0.0,0,0.0,1,0.03125,0.45
334,12,200,12,185,9,113,0,0.0,0,0.0,0,0.0,0,0.0,0,0.0,2,0.010810810810810811,0,0.0,1,0.005494505494505495,20,0.17699115044247787,0.0
335,13,665,11,555,11,370,0,0.0,6,0.009022556390977444,0,0.0,0,0.0,0,0.0,10,0.018018018018018018,0,0.0,1,0.0018018018018018018,12,0.032432432432432434,-0.75
336,8,1329,7,1173,6,743,0,0.0,0,0.0,0,0.0,1,0.0007524454477050414,0,0.0,10,0.008525149190110827,0,0.0,0,0.0,35,0.047106325706594884,0.0
337,9,142,9,133,7,78,0,0.0,0,0.0,0,0.0,0,0.0,0,0.0,0,0.0,0,0.0,0,0.0,3,0.038461538461538464,0.0
338,15,179,14,165,7,104,0,0.0,0,0.0,0,0.0,0,0.0,0,0.0,2,0.012121212121212121,0,0.0,0,0.0,13,0.125,0.0
339,13,735,11,609,9,377,0,0.0,0,0.0,0,0.0,1,0.0013605442176870747,0,0.0,8,0.013136288998357963,0,0.0,4,0.006644518272425249,23,0.0610079575596817,0.0
340,17,457,16,407,9,267,0,0.0,0,0.0,0,0.0,2,0.00437636761487965,1,0.0625,1,0.002457002457002457,0,0.0,5,0.012755102040816327,25,0.09363295880149813,0.13636363636363635
341,13,226,12,209,7,123,0,0.0,0,0.0,0,0.0,1,0.004424778761061947,2,0.16666666666666666,3,0.014354066985645933,0,0.0,3,0.014925373134328358,4,0.032520325203252036,-0.44999999999999996
342,13,2368,11,2138,6,1278,0,0.0,2,0.0008445945945945946,0,0.0,4,0.0016891891891891893,0,0.0,20,0.009354536950420954,0,0.0,2,0.0009671179883945841,12,0.009389671361502348,0.0
343,11,297,11,273,9,154,0,0.0,0,0.0,0,0.0,0,0.0,0,0.0,5,0.018315018315018316,0,0.0,0,0.0,12,0.07792207792207792,0.1
344,10,1655,10,1422,8,853,0,0.0,3,0.0018126888217522659,0,0.0,5,0.0030211480362537764,1,0.1,29,0.020393811533052038,0,0.0,0,0.0,43,0.05041031652989449,0.0
345,18,392,17,338,15,192,0,0.0,0,0.0,0,0.0,0,0.0,1,0.058823529411764705,3,0.008875739644970414,0,0.0,2,0.005934718100890208,29,0.15104166666666666,0.04999999999999999
346,705,542,673,509,415,325,0,0.0,1,0.0018450184501845018,3,0.00425531914893617,0,0.0,11,0.01634472511144131,5,0.009823182711198428,3,0.004615384615384616,2,0.004008016032064128,72,0.22153846153846155,0.16776859504132233
347,13,632,12,555,11,338,0,0.0,0,0.0,0,0.0,0,0.0,0,0.0,12,0.021621621621621623,0,0.0,2,0.003669724770642202,7,0.020710059171597635,0.5
348,14,1034,13,929,10,562,0,0.0,0,0.0,0,0.0,0,0.0,0,0.0,3,0.0032292787944025836,0,0.0,0,0.0,12,0.021352313167259787,0.5
349,9,466,9,404,8,265,0,0.0,0,0.0,0,0.0,0,0.0,0,0.0,4,0.009900990099009901,0,0.0,2,0.005,36,0.13584905660377358,0.0
350,4,157,3,126,3,85,0,0.0,2,0.012738853503184714,0,0.0,4,0.025477707006369428,0,0.0,2,0.015873015873015872,0,0.0,1,0.007518796992481203,0,0.0,0.0
351,14,941,14,851,12,499,0,0.0,0,0.0,0,0.0,1,0.0010626992561105207,0,0.0,1,0.0011750881316098707,0,0.0,0,0.0,58,0.11623246492985972,-0.18181818181818182
352,10,152,10,125,10,82,0,0.0,0,0.0,0,0.0,0,0.0,0,0.0,1,0.008,0,0.0,0,0.0,8,0.0975609756097561,0.0
353,11,1062,11,981,7,581,0,0.0,0,0.0,0,0.0,0,0.0,0,0.0,4,0.004077471967380225,0,0.0,0,0.0,65,0.11187607573149742,0.0
354,15,1217,15,1090,11,651,0,0.0,0,0.0,0,0.0,3,0.0024650780608052587,0,0.0,14,0.012844036697247707,0,0.0,0,0.0,28,0.043010752688172046,-0.3
355,16,336,14,289,14,170,0,0.0,0,0.0,0,0.0,0,0.0,1,0.07142857142857142,5,0.01730103806228374,0,0.0,1,0.0035335689045936395,11,0.06470588235294118,-0.07777777777777779
356,327,222,309,201,221,119,1,0.0030581039755351682,0,0.0,0,0.0,0,0.0,11,0.03559870550161812,6,0.029850746268656716,0,0.0,0,0.0,17,0.14285714285714285,0.1327651515151515
357,16,965,16,860,11,513,0,0.0,1,0.0010362694300518134,0,0.0,7,0.007253886010362694,0,0.0,18,0.020930232558139535,0,0.0,0,0.0,55,0.10721247563352826,-0.2878787878787879
358,15,171,14,152,11,92,0,0.0,1,0.005847953216374269,0,0.0,2,0.011695906432748537,0,0.0,2,0.013157894736842105,0,0.0,0,0.0,6,0.06521739130434782,-0.2
359,10,0,8,0,6,0,0,0.0,0,0,1,0.1,0,0,1,0.125,0,0,0,0.0,0,0,0,0,0.2
360,10,298,10,268,10,160,0,0.0,0,0.0,0,0.0,1,0.003355704697986577,0,0.0,5,0.018656716417910446,0,0.0,0,0.0,0,0.0,0.2857142857142857
361,27,232,26,216,20,125,0,0.0,0,0.0,0,0.0,0,0.0,0,0.0,0,0.0,0,0.0,0,0.0,16,0.128,-0.06666666666666667
362,8,77,8,70,7,46,0,0.0,0,0.0,0,0.0,0,0.0,2,0.25,2,0.02857142857142857,0,0.0,0,0.0,3,0.06521739130434782,0.0
363,9,94,9,85,8,51,0,0.0,0,0.0,0,0.0,0,0.0,0,0.0,4,0.047058823529411764,0,0.0,0,0.0,5,0.09803921568627451,0.1
364,17,126,15,116,12,76,0,0.0,0,0.0,0,0.0,0,0.0,0,0.0,2,0.017241379310344827,0,0.0,0,0.0,7,0.09210526315789473,0.0
365,15,625,15,544,9,342,0,0.0,0,0.0,0,0.0,0,0.0,0,0.0,6,0.011029411764705883,0,0.0,4,0.007434944237918215,28,0.08187134502923976,0.16666666666666666
366,321,292,304,263,218,166,1,0.003115264797507788,0,0.0,0,0.0,0,0.0,9,0.029605263157894735,0,0.0,0,0.0,1,0.003968253968253968,12,0.07228915662650602,0.13300505050505051
367,13,487,11,430,10,269,0,0.0,1,0.002053388090349076,0,0.0,2,0.004106776180698152,0,0.0,5,0.011627906976744186,0,0.0,0,0.0,17,0.06319702602230483,0.5
368,10,795,10,690,7,438,0,0.0,2,0.0025157232704402514,0,0.0,4,0.005031446540880503,0,0.0,7,0.010144927536231883,0,0.0,0,0.0,36,0.0821917808219178,0.0
369,16,241,12,209,10,128,0,0.0,0,0.0,1,0.0625,3,0.012448132780082987,0,0.0,4,0.019138755980861243,0,0.0,4,0.019704433497536946,11,0.0859375,0.0
370,15,172,13,148,12,101,0,0.0,1,0.005813953488372093,0,0.0,2,0.011627906976744186,1,0.07692307692307693,6,0.04054054054054054,0,0.0,0,0.0,11,0.10891089108910891,-0.4
371,13,697,12,648,11,386,0,0.0,0,0.0,0,0.0,0,0.0,1,0.08333333333333333,10,0.015432098765432098,0,0.0,0,0.0,22,0.05699481865284974,0.0
372,6,2,5,2,5,2,0,0.0,0,0.0,0,0.0,0,0.0,2,0.4,0,0.0,0,0.0,0,0.0,0,0.0,0.0
373,10,75,10,69,9,44,0,0.0,0,0.0,0,0.0,0,0.0,0,0.0,1,0.014492753623188406,0,0.0,0,0.0,5,0.11363636363636363,-0.3888888888888889
374,9,147,9,128,8,83,0,0.0,1,0.006802721088435374,0,0.0,2,0.013605442176870748,0,0.0,1,0.0078125,0,0.0,0,0.0,0,0.0,-0.59375
375,17,219,16,187,12,121,0,0.0,1,0.0045662100456621,0,0.0,1,0.0045662100456621,0,0.0,7,0.0374331550802139,0,0.0,0,0.0,16,0.1322314049586777,0.0
376,14,599,13,548,11,341,0,0.0,0,0.0,0,0.0,0,0.0,0,0.0,20,0.0364963503649635,0,0.0,0,0.0,13,0.03812316715542522,0.07878787878787878
377,10,817,9,717,8,484,0,0.0,0,0.0,0,0.0,0,0.0,0,0.0,4,0.005578800557880056,0,0.0,1,0.0014064697609001407,58,0.11983471074380166,-0.06666666666666667
378,9,297,8,266,6,157,0,0.0,0,0.0,0,0.0,0,0.0,0,0.0,3,0.011278195488721804,0,0.0,1,0.0038022813688212928,7,0.044585987261146494,-0.05
379,14,182,14,160,9,105,0,0.0,1,0.005494505494505495,0,0.0,2,0.01098901098901099,0,0.0,3,0.01875,0,0.0,1,0.0064516129032258064,6,0.05714285714285714,0.10000000000000002
380,13,148,12,127,12,90,0,0.0,0,0.0,1,0.07692307692307693,0,0.0,0,0.0,1,0.007874015748031496,0,0.0,3,0.025210084033613446,20,0.2222222222222222,0.25
381,10,621,9,530,5,355,0,0.0,3,0.004830917874396135,0,0.0,5,0.008051529790660225,0,0.0,21,0.03962264150943396,1,0.1111111111111111,2,0.0038314176245210726,20,0.056338028169014086,0.0
382,8,372,8,329,8,192,0,0.0,2,0.005376344086021506,0,0.0,2,0.005376344086021506,2,0.25,12,0.0364741641337386,0,0.0,2,0.006172839506172839,22,0.11458333333333333,0.0
383,4,169,4,153,4,92,0,0.0,0,0.0,0,0.0,0,0.0,1,0.25,0,0.0,0,0.0,1,0.006535947712418301,0,0.0,0.0
384,11,59,10,56,6,34,0,0.0,0,0.0,0,0.0,0,0.0,0,0.0,0,0.0,0,0.0,0,0.0,1,0.029411764705882353,0.0
385,346,1154,328,1031,239,635,1,0.002890173410404624,0,0.0,0,0.0,1,0.0008665511265164644,11,0.03353658536585366,20,0.019398642095053348,0,0.0,0,0.0,58,0.09133858267716535,0.11847943722943723
386,16,236,15,208,10,125,0,0.0,0,0.0,0,0.0,0,0.0,0,0.0,1,0.004807692307692308,0,0.0,0,0.0,24,0.192,0.0
387,7,94,7,86,6,55,0,0.0,0,0.0,0,0.0,0,0.0,0,0.0,1,0.011627906976744186,0,0.0,0,0.0,5,0.09090909090909091,0.1
388,14,386,14,354,13,221,0,0.0,0,0.0,0,0.0,0,0.0,3,0.21428571428571427,7,0.01977401129943503,0,0.0,2,0.005698005698005698,25,0.11312217194570136,0.0
389,14,556,12,503,10,301,0,0.0,0,0.0,0,0.0,1,0.0017985611510791368,0,0.0,4,0.007952286282306162,0,0.0,0,0.0,25,0.08305647840531562,0.0
390,20,2106,16,1850,15,1105,0,0.0,0,0.0,0,0.0,7,0.0033238366571699905,1,0.0625,39,0.02108108108108108,0,0.0,0,0.0,18,0.016289592760180997,0.25
391,8,1009,8,891,7,531,0,0.0,0,0.0,0,0.0,0,0.0,0,0.0,6,0.006734006734006734,0,0.0,5,0.0057670126874279125,69,0.12994350282485875,0.0
392,12,1162,10,1046,8,624,0,0.0,9,0.00774526678141136,0,0.0,5,0.004302925989672977,0,0.0,16,0.015296367112810707,0,0.0,5,0.004965243296921549,44,0.07051282051282051,0.0
393,14,77,12,72,12,39,0,0.0,0,0.0,0,0.0,0,0.0,0,0.0,1,0.013888888888888888,0,0.0,0,0.0,0,0.0,0.07777777777777779
394,14,269,14,231,10,145,0,0.0,0,0.0,0,0.0,0,0.0,0,0.0,4,0.017316017316017316,0,0.0,1,0.0043859649122807015,2,0.013793103448275862,0.0
395,31,743,30,660,14,396,0,0.0,0,0.0,0,0.0,0,0.0,0,0.0,1,0.0015151515151515152,0,0.0,2,0.0030581039755351682,21,0.05303030303030303,0.2
396,14,880,14,794,12,481,0,0.0,0,0.0,0,0.0,0,0.0,1,0.07142857142857142,12,0.015113350125944584,0,0.0,14,0.018300653594771243,59,0.12266112266112267,0.06818181818181818
397,22,926,22,848,15,485,0,0.0,0,0.0,0,0.0,0,0.0,0,0.0,5,0.00589622641509434,0,0.0,4,0.004801920768307323,49,0.10103092783505155,0.0
398,9,831,8,729,7,417,0,0.0,0,0.0,0,0.0,0,0.0,0,0.0,8,0.010973936899862825,0,0.0,3,0.004160887656033287,16,0.03836930455635491,-0.2
399,16,812,15,677,10,455,0,0.0,2,0.0024630541871921183,0,0.0,1,0.0012315270935960591,0,0.0,13,0.019202363367799114,0,0.0,1,0.0015037593984962407,27,0.05934065934065934,0.39999999999999997
400,22,698,19,625,18,393,0,0.0,0,0.0,0,0.0,0,0.0,0,0.0,3,0.0048,0,0.0,0,0.0,46,0.11704834605597965,0.3166666666666667
401,10,324,9,283,9,157,0,0.0,0,0.0,0,0.0,0,0.0,0,0.0,6,0.02120141342756184,0,0.0,1,0.0035971223021582736,5,0.03184713375796178,0.0
402,9,1066,8,932,7,554,0,0.0,0,0.0,1,0.1111111111111111,2,0.001876172607879925,0,0.0,7,0.0075107296137339056,0,0.0,10,0.011061946902654867,37,0.06678700361010831,-0.4
403,13,1495,12,1219,11,773,0,0.0,1,0.0006688963210702341,0,0.0,1,0.0006688963210702341,0,0.0,40,0.03281378178835111,0,0.0,21,0.018699910952804988,20,0.0258732212160414,0.13333333333333333
404,9,752,9,662,6,419,0,0.0,3,0.003989361702127659,0,0.0,1,0.0013297872340425532,0,0.0,8,0.012084592145015106,0,0.0,0,0.0,21,0.050119331742243436,-0.2866666666666667
405,12,563,10,516,8,338,0,0.0,0,0.0,0,0.0,0,0.0,0,0.0,7,0.013565891472868217,0,0.0,5,0.009940357852882704,34,0.10059171597633136,0.5
406,7,678,6,587,5,408,0,0.0,0,0.0,0,0.0,4,0.0058997050147492625,0,0.0,3,0.005110732538330494,0,0.0,3,0.0053475935828877,19,0.04656862745098039,1.0
407,12,519,12,472,10,306,0,0.0,0,0.0,0,0.0,0,0.0,0,0.0,4,0.00847457627118644,0,0.0,2,0.0042643923240938165,17,0.05555555555555555,0.13636363636363635
408,4,0,3,0,3,0,0,0.0,0,0,0,0.0,0,0,0,0.0,0,0,0,0.0,0,0,0,0,0.0
409,18,676,18,588,13,361,0,0.0,0,0.0,0,0.0,0,0.0,0,0.0,7,0.011904761904761904,0,0.0,2,0.0034602076124567475,38,0.10526315789473684,0.0
410,13,68,12,66,8,38,0,0.0,0,0.0,0,0.0,0,0.0,0,0.0,1,0.015151515151515152,0,0.0,2,0.03225806451612903,5,0.13157894736842105,0.7
411,13,817,12,759,10,448,0,0.0,0,0.0,0,0.0,1,0.0012239902080783353,1,0.08333333333333333,12,0.015810276679841896,0,0.0,4,0.005547850208044383,32,0.07142857142857142,0.0
412,7,344,7,307,4,196,0,0.0,0,0.0,0,0.0,0,0.0,0,0.0,3,0.009771986970684038,0,0.0,2,0.006896551724137931,2,0.01020408163265306,0.0
413,4,91,4,84,4,63,0,0.0,0,0.0,0,0.0,0,0.0,0,0.0,0,0.0,0,0.0,0,0.0,8,0.12698412698412698,0.03333333333333333
414,18,1182,16,1048,7,621,0,0.0,2,0.001692047377326565,1,0.05555555555555555,6,0.005076142131979695,0,0.0,25,0.02385496183206107,0,0.0,0,0.0,37,0.05958132045088567,0.0
415,6,2,5,2,5,2,0,0.0,0,0.0,0,0.0,0,0.0,2,0.4,0,0.0,0,0.0,0,0.0,0,0.0,0.0
416,13,347,11,294,8,189,0,0.0,2,0.005763688760806916,0,0.0,2,0.005763688760806916,0,0.0,5,0.017006802721088437,0,0.0,1,0.003367003367003367,13,0.06878306878306878,0.0
417,10,14,10,12,8,10,0,0.0,0,0.0,0,0.0,0,0.0,1,0.1,1,0.08333333333333333,0,0.0,0,0.0,1,0.1,0.2
418,14,0,13,0,10,0,0,0.0,0,0,0,0.0,0,0,1,0.07692307692307693,0,0,0,0.0,0,0,0,0,0.19
419,7,126,7,115,4,69,0,0.0,0,0.0,0,0.0,0,0.0,0,0.0,1,0.008695652173913044,0,0.0,0,0.0,6,0.08695652173913043,0.0
420,33,568,30,490,20,284,0,0.0,0,0.0,0,0.0,1,0.0017605633802816902,1,0.03333333333333333,13,0.026530612244897958,0,0.0,2,0.004056795131845842,28,0.09859154929577464,0.10952380952380954
421,12,862,12,798,10,451,0,0.0,0,0.0,0,0.0,2,0.002320185614849188,0,0.0,7,0.008771929824561403,0,0.0,0,0.0,12,0.026607538802660754,-0.2
422,13,1039,13,961,10,538,0,0.0,1,0.0009624639076034649,0,0.0,2,0.0019249278152069298,1,0.07692307692307693,6,0.006243496357960458,0,0.0,0,0.0,70,0.13011152416356878,0.1
423,20,591,18,536,12,314,0,0.0,2,0.00338409475465313,0,0.0,0,0.0,0,0.0,13,0.024253731343283583,1,0.058823529411764705,7,0.01364522417153996,12,0.03821656050955414,0.35
424,9,136,8,121,8,78,0,0.0,0,0.0,0,0.0,0,0.0,0,0.0,2,0.01652892561983471,0,0.0,1,0.00847457627118644,4,0.05128205128205128,-0.1878787878787879
425,19,208,16,183,11,125,0,0.0,0,0.0,0,0.0,0,0.0,0,0.0,1,0.00546448087431694,0,0.0,0,0.0,8,0.064,0.0
426,12,335,12,302,9,195,0,0.0,0,0.0,0,0.0,0,0.0,0,0.0,1,0.0033112582781456954,0,0.0,1,0.003355704697986577,29,0.14871794871794872,0.25
427,16,69,13,62,13,43,0,0.0,0,0.0,0,0.0,0,0.0,0,0.0,0,0.0,0,0.0,0,0.0,4,0.09302325581395349,0.3333333333333333
428,16,175,15,165,11,90,0,0.0,0,0.0,0,0.0,0,0.0,0,0.0,1,0.006060606060606061,0,0.0,0,0.0,0,0.0,0.0
429,9,1542,9,1425,8,885,0,0.0,0,0.0,0,0.0,0,0.0,1,0.1111111111111111,35,0.02456140350877193,0,0.0,0,0.0,39,0.04406779661016949,-0.09285714285714287
430,10,1156,10,1042,8,593,0,0.0,0,0.0,0,0.0,1,0.0008650519031141869,0,0.0,7,0.0067178502879078695,0,0.0,0,0.0,22,0.03709949409780776,0.0
431,9,812,9,716,7,417,0,0.0,0,0.0,0,0.0,2,0.0024630541871921183,0,0.0,37,0.051675977653631286,0,0.0,12,0.01721664275466284,17,0.0407673860911271,0.0
432,15,215,13,194,10,124,0,0.0,0,0.0,0,0.0,0,0.0,2,0.15384615384615385,7,0.03608247422680412,0,0.0,4,0.0213903743315508,16,0.12903225806451613,-0.16666666666666666
433,11,1630,11,1461,9,893,0,0.0,0,0.0,0,0.0,0,0.0,0,0.0,19,0.013004791238877482,0,0.0,0,0.0,43,0.048152295632698766,0.0
434,9,343,9,305,9,192,0,0.0,0,0.0,0,0.0,0,0.0,0,0.0,5,0.01639344262295082,0,0.0,1,0.0034965034965034965,2,0.010416666666666666,0.13636363636363635
435,15,281,14,244,11,161,0,0.0,0,0.0,1,0.06666666666666667,4,0.014234875444839857,0,0.0,1,0.004098360655737705,0,0.0,0,0.0,21,0.13043478260869565,0.0
436,3,971,3,888,3,531,0,0.0,0,0.0,0,0.0,3,0.003089598352214212,0,0.0,16,0.018018018018018018,0,0.0,1,0.0011273957158962795,5,0.009416195856873822,0.0
437,11,81,11,69,10,49,0,0.0,1,0.012345679012345678,0,0.0,0,0.0,0,0.0,0,0.0,0,0.0,0,0.0,1,0.02040816326530612,0.0
438,23,472,22,441,13,264,0,0.0,0,0.0,0,0.0,0,0.0,0,0.0,2,0.0045351473922902496,0,0.0,1,0.002288329519450801,19,0.07196969696969698,-0.2
439,17,687,15,632,12,368,0,0.0,0,0.0,0,0.0,1,0.001455604075691412,0,0.0,21,0.03322784810126582,0,0.0,0,0.0,19,0.051630434782608696,0.6
440,12,31,12,25,11,20,0,0.0,0,0.0,0,0.0,2,0.06451612903225806,0,0.0,2,0.08,0,0.0,0,0.0,2,0.1,0.25
441,11,1025,10,873,6,605,0,0.0,1,0.000975609756097561,0,0.0,0,0.0,0,0.0,4,0.004581901489117984,0,0.0,0,0.0,31,0.0512396694214876,0.0
442,22,663,20,587,15,352,0,0.0,0,0.0,0,0.0,3,0.004524886877828055,1,0.05,13,0.022146507666098807,1,0.05263157894736842,6,0.010434782608695653,16,0.045454545454545456,0.12
443,10,605,10,550,10,344,0,0.0,0,0.0,0,0.0,0,0.0,0,0.0,6,0.01090909090909091,0,0.0,2,0.0036900369003690036,36,0.10465116279069768,0.13636363636363635
444,13,214,12,180,11,122,0,0.0,1,0.004672897196261682,0,0.0,2,0.009345794392523364,0,0.0,2,0.011111111111111112,0,0.0,2,0.011764705882352941,11,0.09016393442622951,2.7755575615628914e-17
445,20,711,18,638,14,372,0,0.0,0,0.0,0,0.0,0,0.0,1,0.05555555555555555,8,0.012539184952978056,0,0.0,7,0.011128775834658187,9,0.024193548387096774,0.25
446,10,540,9,504,8,281,0,0.0,0,0.0,0,0.0,0,0.0,0,0.0,9,0.017857142857142856,0,0.0,0,0.0,15,0.05338078291814947,0.0
447,25,467,22,430,16,286,0,0.0,0,0.0,0,0.0,0,0.0,0,0.0,6,0.013953488372093023,0,0.0,0,0.0,27,0.0944055944055944,-0.021428571428571422
448,13,643,13,562,10,362,0,0.0,0,0.0,0,0.0,2,0.003110419906687403,1,0.07692307692307693,36,0.06405693950177936,0,0.0,7,0.01282051282051282,28,0.07734806629834254,0.06818181818181818
449,10,347,10,317,7,198,0,0.0,0,0.0,0,0.0,0,0.0,1,0.1,7,0.022082018927444796,0,0.0,0,0.0,13,0.06565656565656566,-0.1
450,12,785,12,729,9,457,0,0.0,0,0.0,0,0.0,1,0.0012738853503184713,0,0.0,4,0.0054869684499314125,0,0.0,0,0.0,36,0.0787746170678337,0.0
451,11,112,11,99,7,56,0,0.0,0,0.0,0,0.0,0,0.0,0,0.0,1,0.010101010101010102,0,0.0,1,0.01020408163265306,3,0.05357142857142857,-0.42
452,38,1260,32,1124,26,696,1,0.02631578947368421,0,0.0,0,0.0,2,0.0015873015873015873,3,0.09375,10,0.008896797153024912,0,0.0,0,0.0,6,0.008620689655172414,0.36818181818181817
453,13,81,13,73,10,48,0,0.0,0,0.0,0,0.0,0,0.0,0,0.0,1,0.0136986301369863,0,0.0,0,0.0,4,0.08333333333333333,0.8
454,11,1483,11,1338,9,804,0,0.0,0,0.0,0,0.0,3,0.0020229265003371545,0,0.0,23,0.0171898355754858,0,0.0,0,0.0,1,0.0012437810945273632,0.13636363636363635
455,9,254,9,227,8,154,0,0.0,0,0.0,0,0.0,0,0.0,0,0.0,4,0.01762114537444934,0,0.0,0,0.0,14,0.09090909090909091,0.0
456,11,220,11,191,8,114,0,0.0,0,0.0,0,0.0,0,0.0,0,0.0,5,0.02617801047120419,0,0.0,0,0.0,15,0.13157894736842105,0.0
457,10,110,10,96,10,70,0,0.0,0,0.0,0,0.0,0,0.0,0,0.0,13,0.13541666666666666,0,0.0,0,0.0,4,0.05714285714285714,0.0
458,12,104,12,87,10,61,0,0.0,1,0.009615384615384616,0,0.0,2,0.019230769230769232,0,0.0,3,0.034482758620689655,0,0.0,0,0.0,7,0.11475409836065574,-0.2777777777777778
459,31,635,28,567,18,309,1,0.03225806451612903,0,0.0,0,0.0,0,0.0,2,0.07142857142857142,16,0.02821869488536155,1,0.037037037037037035,16,0.02962962962962963,38,0.12297734627831715,0.44999999999999996
460,11,827,11,715,10,458,0,0.0,0,0.0,0,0.0,1,0.0012091898428053204,0,0.0,6,0.008391608391608392,0,0.0,1,0.0014084507042253522,50,0.1091703056768559,0.0
461,18,218,16,186,16,129,0,0.0,0,0.0,0,0.0,1,0.0045871559633027525,0,0.0,1,0.005376344086021506,0,0.0,0,0.0,10,0.07751937984496124,0.0
462,319,534,303,470,218,301,1,0.003134796238244514,1,0.0018726591760299626,0,0.0,0,0.0,9,0.0297029702970297,8,0.01702127659574468,0,0.0,1,0.0021413276231263384,35,0.11627906976744186,0.14682400932400932
463,15,1420,13,1271,12,788,0,0.0,0,0.0,0,0.0,1,0.0007042253521126761,0,0.0,7,0.0055074744295830055,0,0.0,0,0.0,66,0.08375634517766498,-0.2
464,12,202,12,172,10,113,0,0.0,1,0.0049504950495049506,0,0.0,2,0.009900990099009901,0,0.0,1,0.005813953488372093,0,0.0,0,0.0,7,0.061946902654867256,0.0
465,11,407,9,349,8,194,0,0.0,1,0.002457002457002457,1,0.09090909090909091,4,0.009828009828009828,0,0.0,2,0.0057306590257879654,0,0.0,1,0.002898550724637681,12,0.061855670103092786,0.0
466,6,350,5,319,4,206,0,0.0,0,0.0,0,0.0,0,0.0,0,0.0,0,0.0,0,0.0,1,0.0031746031746031746,10,0.04854368932038835,-0.3
467,7,252,7,212,6,156,0,0.0,0,0.0,0,0.0,0,0.0,1,0.14285714285714285,7,0.0330188679245283,0,0.0,0,0.0,13,0.08333333333333333,-0.4
468,17,504,15,445,12,252,0,0.0,0,0.0,0,0.0,1,0.001984126984126984,1,0.06666666666666667,6,0.01348314606741573,0,0.0,4,0.009324009324009324,21,0.08333333333333333,0.0
469,13,498,12,436,7,272,0,0.0,0,0.0,0,0.0,4,0.008032128514056224,1,0.08333333333333333,7,0.016055045871559634,0,0.0,0,0.0,18,0.0661764705882353,0.0
470,27,316,25,279,16,166,0,0.0,0,0.0,0,0.0,0,0.0,1,0.04,0,0.0,0,0.0,0,0.0,8,0.04819277108433735,0.26666666666666666
471,27,681,25,604,17,355,0,0.0,0,0.0,0,0.0,0,0.0,0,0.0,7,0.011589403973509934,0,0.0,3,0.005025125628140704,20,0.056338028169014086,-0.24
472,12,138,11,113,11,84,0,0.0,0,0.0,0,0.0,0,0.0,1,0.09090909090909091,1,0.008849557522123894,0,0.0,1,0.008928571428571428,4,0.047619047619047616,0.0
473,11,1386,11,1251,8,789,0,0.0,0,0.0,0,0.0,3,0.0021645021645021645,0,0.0,1,0.0007993605115907274,0,0.0,0,0.0,50,0.06337135614702155,0.0
474,1,0,1,0,1,0,0,0.0,0,0,0,0.0,0,0,0,0.0,0,0,0,0.0,0,0,0,0,0.0
475,19,344,18,283,16,172,0,0.0,3,0.00872093023255814,0,0.0,7,0.020348837209302327,2,0.1111111111111111,12,0.04240282685512368,0,0.0,4,0.014492753623188406,19,0.11046511627906977,0.0
476,11,0,9,0,6,0,0,0.0,0,0,0,0.0,0,0,0,0.0,0,0,0,0.0,0,0,0,0,0.0
477,18,72,17,68,13,41,0,0.0,0,0.0,0,0.0,0,0.0,0,0.0,2,0.029411764705882353,0,0.0,0,0.0,6,0.14634146341463414,0.3181818181818182
478,12,1092,12,988,12,586,0,0.0,1,0.0009157509157509158,0,0.0,1,0.0009157509157509158,1,0.08333333333333333,28,0.02834008097165992,0,0.0,4,0.004166666666666667,35,0.059726962457337884,0.24375000000000002
479,9,236,9,214,8,141,0,0.0,3,0.012711864406779662,0,0.0,1,0.00423728813559322,0,0.0,9,0.04205607476635514,0,0.0,0,0.0,15,0.10638297872340426,-0.5
480,14,750,11,677,10,385,0,0.0,2,0.0026666666666666666,1,0.07142857142857142,4,0.005333333333333333,0,0.0,6,0.008862629246676515,0,0.0,0,0.0,21,0.05454545454545454,-0.4
481,21,366,20,335,14,196,1,0.047619047619047616,0,0.0,0,0.0,3,0.00819672131147541,0,0.0,8,0.023880597014925373,0,0.0,2,0.006309148264984227,27,0.1377551020408163,0.45000000000000007
482,11,405,10,381,9,240,0,0.0,0,0.0,0,0.0,0,0.0,0,0.0,0,0.0,0,0.0,0,0.0,34,0.14166666666666666,0.0
483,9,192,9,177,8,115,0,0.0,0,0.0,0,0.0,0,0.0,0,0.0,1,0.005649717514124294,0,0.0,0,0.0,13,0.11304347826086956,0.0
484,17,430,15,395,10,237,0,0.0,0,0.0,0,0.0,0,0.0,0,0.0,14,0.035443037974683546,1,0.07142857142857142,1,0.002793296089385475,18,0.0759493670886076,0.0
485,14,1577,13,1453,10,920,0,0.0,0,0.0,0,0.0,2,0.0012682308180088776,0,0.0,28,0.019270474879559532,0,0.0,0,0.0,68,0.07391304347826087,-0.08888888888888889
486,15,352,14,325,10,189,0,0.0,0,0.0,0,0.0,0,0.0,0,0.0,4,0.012307692307692308,0,0.0,0,0.0,17,0.08994708994708994,0.0
487,14,548,11,487,8,325,0,0.0,0,0.0,1,0.07142857142857142,1,0.0018248175182481751,0,0.0,1,0.002053388090349076,0,0.0,1,0.002074688796680498,16,0.04923076923076923,0.3181818181818182
488,326,450,310,387,221,238,1,0.003067484662576687,0,0.0,0,0.0,2,0.0044444444444444444,9,0.02903225806451613,10,0.025839793281653745,0,0.0,4,0.010443864229765013,22,0.09243697478991597,0.09724747474747475
489,9,249,9,229,8,141,0,0.0,0,0.0,0,0.0,0,0.0,0,0.0,1,0.004366812227074236,0,0.0,1,0.0045045045045045045,5,0.03546099290780142,0.0
490,234,263,224,239,157,154,1,0.004273504273504274,0,0.0,0,0.0,0,0.0,7,0.03125,8,0.03347280334728033,0,0.0,0,0.0,28,0.18181818181818182,0.08922558922558922
491,8,0,7,0,5,0,0,0.0,0,0,0,0.0,0,0,0,0.0,0,0,0,0.0,0,0,0,0,0.0
492,37,0,30,0,18,0,0,0.0,0,0,0,0.0,0,0,3,0.1,0,0,0,0.0,0,0,0,0,0.8
493,16,965,16,860,11,513,0,0.0,1,0.0010362694300518134,0,0.0,7,0.007253886010362694,0,0.0,18,0.020930232558139535,0,0.0,0,0.0,55,0.10721247563352826,-0.2878787878787879
494,28,581,28,524,18,307,0,0.0,0,0.0,0,0.0,0,0.0,1,0.03571428571428571,3,0.0057251908396946565,0,0.0,1,0.0019305019305019305,30,0.09771986970684039,-0.2
495,17,118,15,110,14,61,0,0.0,0,0.0,0,0.0,0,0.0,1,0.06666666666666667,0,0.0,0,0.0,0,0.0,7,0.11475409836065574,-0.010101010101010102
496,16,640,14,563,10,341,0,0.0,0,0.0,0,0.0,0,0.0,1,0.07142857142857142,14,0.02486678507992895,0,0.0,0,0.0,26,0.07624633431085044,0.25
497,9,323,9,281,9,165,0,0.0,0,0.0,0,0.0,1,0.0030959752321981426,0,0.0,5,0.017793594306049824,0,0.0,4,0.014598540145985401,14,0.08484848484848485,0.0
498,13,943,12,868,8,548,0,0.0,0,0.0,0,0.0,0,0.0,0,0.0,2,0.002304147465437788,0,0.0,0,0.0,37,0.06751824817518248,0.0
499,10,819,10,738,8,469,0,0.0,0,0.0,0,0.0,1,0.001221001221001221,0,0.0,9,0.012195121951219513,0,0.0,1,0.0014204545454545455,26,0.05543710021321962,0.2
500,25,258,24,230,16,143,0,0.0,0,0.0,0,0.0,0,0.0,1,0.041666666666666664,0,0.0,0,0.0,1,0.004366812227074236,10,0.06993006993006994,0.0
